,Age,Spending_Score,Family_Size
0,22,-1,4.0
2,67,-1,1.0
3,67,1,2.0
5,56,0,2.0
6,32,-1,3.0
7,33,-1,3.0
8,61,-1,3.0
9,55,0,4.0
10,26,-1,3.0
11,19,-1,4.0
14,58,-1,1.0
15,41,-1,2.0
16,32,-1,5.0
17,31,-1,6.0
18,58,0,4.0
19,79,1,1.0
20,49,-1,1.0
21,18,-1,4.0
22,33,-1,2.0
23,36,-1,2.0
25,56,0,3.0
26,31,-1,8.0
27,49,0,3.0
28,35,-1,1.0
29,35,-1,4.0
30,45,-1,3.0
31,42,-1,2.0
32,19,-1,3.0
34,83,1,2.0
35,27,-1,4.0
36,32,-1,1.0
37,28,0,5.0
38,28,-1,2.0
40,47,-1,1.0
41,22,-1,2.0
42,27,-1,3.0
44,40,-1,1.0
46,41,0,4.0
48,19,-1,4.0
49,45,-1,1.0
50,61,0,2.0
51,36,0,2.0
52,40,-1,1.0
53,57,0,2.0
54,76,-1,1.0
55,32,0,2.0
56,25,-1,4.0
58,45,0,3.0
60,48,0,2.0
61,55,0,2.0
62,74,1,3.0
63,56,1,2.0
64,59,1,2.0
65,25,-1,2.0
66,31,0,2.0
67,27,-1,4.0
68,57,0,4.0
70,27,-1,2.0
71,51,0,2.0
72,47,0,5.0
73,33,-1,4.0
74,56,0,4.0
75,33,-1,3.0
76,36,-1,2.0
77,51,-1,3.0
78,45,0,2.0
80,30,-1,4.0
81,26,-1,3.0
82,63,-1,1.0
83,35,0,4.0
84,19,-1,3.0
85,32,-1,5.0
86,52,0,3.0
87,36,-1,2.0
88,42,-1,3.0
89,40,0,2.0
90,39,-1,3.0
91,47,0,4.0
92,61,1,2.0
93,32,-1,2.0
94,55,-1,1.0
96,38,-1,1.0
97,63,1,2.0
98,58,0,2.0
99,30,0,3.0
100,60,0,4.0
101,68,1,7.0
102,52,-1,3.0
103,38,1,5.0
104,35,-1,2.0
105,18,-1,2.0
106,30,-1,2.0
107,86,-1,1.0
109,25,-1,3.0
111,39,-1,1.0
113,47,-1,1.0
114,43,1,3.0
115,36,0,4.0
116,80,-1,1.0
117,36,-1,2.0
119,37,1,2.0
120,46,1,3.0
121,55,1,4.0
122,47,0,4.0
123,28,-1,3.0
124,39,-1,2.0
125,27,-1,2.0
127,72,0,2.0
128,28,-1,2.0
129,35,-1,5.0
130,39,1,5.0
131,69,1,2.0
132,18,-1,4.0
134,50,1,2.0
135,30,-1,5.0
137,39,-1,4.0
138,29,-1,4.0
139,37,-1,4.0
140,39,0,2.0
141,48,0,5.0
142,32,-1,3.0
144,43,0,5.0
145,29,-1,5.0
146,28,0,2.0
147,80,-1,1.0
148,28,-1,4.0
149,71,0,3.0
150,67,1,9.0
151,26,-1,1.0
152,47,0,2.0
153,43,0,2.0
154,27,-1,4.0
155,45,-1,4.0
156,76,-1,1.0
157,43,0,4.0
158,78,1,2.0
159,35,0,3.0
160,49,-1,1.0
161,25,-1,5.0
162,37,0,5.0
164,60,0,2.0
165,45,0,3.0
166,49,0,3.0
167,32,-1,5.0
168,40,-1,3.0
169,59,0,2.0
170,48,-1,5.0
171,82,1,2.0
172,70,-1,2.0
173,31,-1,2.0
174,72,1,2.0
175,50,0,4.0
176,23,-1,1.0
177,20,-1,6.0
178,22,-1,3.0
179,31,-1,1.0
180,36,0,2.0
183,40,0,4.0
184,40,-1,1.0
187,21,-1,3.0
188,41,0,2.0
189,40,-1,2.0
190,53,0,3.0
191,42,-1,2.0
192,42,-1,2.0
194,59,-1,2.0
195,41,0,3.0
196,31,0,2.0
197,49,1,5.0
198,67,-1,2.0
199,35,0,2.0
200,26,-1,3.0
202,25,0,8.0
203,39,-1,2.0
204,63,-1,2.0
205,23,-1,3.0
206,23,-1,3.0
207,53,-1,1.0
208,33,-1,2.0
210,69,-1,2.0
211,37,-1,1.0
212,20,-1,4.0
214,49,0,4.0
215,18,-1,3.0
216,52,0,2.0
221,28,0,2.0
222,28,-1,3.0
223,20,-1,5.0
224,27,-1,1.0
226,45,0,4.0
227,25,-1,4.0
228,40,-1,1.0
232,67,1,2.0
234,38,-1,1.0
235,28,-1,4.0
236,32,-1,5.0
238,56,1,4.0
239,53,-1,2.0
240,57,1,5.0
241,59,0,3.0
242,25,1,4.0
243,59,0,6.0
244,36,-1,4.0
245,37,-1,2.0
246,22,-1,3.0
247,43,-1,2.0
248,41,-1,2.0
249,21,-1,5.0
251,38,-1,1.0
253,70,1,3.0
254,31,-1,4.0
255,82,0,2.0
258,38,-1,3.0
259,18,1,4.0
260,50,0,3.0
262,72,1,3.0
264,25,-1,7.0
265,75,1,2.0
266,72,-1,1.0
267,72,0,3.0
268,36,-1,6.0
269,40,-1,2.0
270,28,-1,4.0
271,28,-1,3.0
273,43,-1,2.0
274,35,0,2.0
275,65,1,2.0
276,52,1,4.0
277,40,-1,1.0
278,69,-1,3.0
279,22,-1,3.0
280,47,0,4.0
281,29,1,2.0
282,46,0,3.0
283,32,-1,2.0
284,38,-1,1.0
285,59,-1,1.0
286,26,-1,1.0
287,26,-1,2.0
288,28,-1,1.0
289,53,0,3.0
291,27,-1,3.0
293,26,-1,4.0
294,31,-1,2.0
295,39,1,3.0
296,43,-1,3.0
297,25,-1,2.0
298,40,1,3.0
299,40,0,2.0
302,27,-1,3.0
303,19,-1,2.0
304,86,1,2.0
306,27,0,2.0
307,70,0,2.0
308,53,0,4.0
313,43,1,4.0
314,36,-1,3.0
315,74,-1,2.0
316,30,-1,4.0
317,37,-1,2.0
318,22,-1,1.0
319,19,-1,4.0
320,70,1,2.0
321,89,-1,1.0
323,25,-1,1.0
324,45,-1,1.0
325,35,-1,1.0
326,37,-1,1.0
327,39,0,2.0
328,32,-1,5.0
329,62,0,3.0
330,58,0,4.0
332,25,-1,5.0
333,56,0,4.0
334,36,-1,2.0
335,30,-1,3.0
336,19,-1,5.0
337,27,-1,2.0
338,38,-1,1.0
339,46,0,2.0
340,29,-1,1.0
341,51,0,4.0
342,55,-1,1.0
343,69,-1,1.0
344,26,-1,8.0
345,83,-1,3.0
346,39,-1,1.0
347,35,-1,1.0
348,19,1,5.0
353,29,-1,3.0
354,26,-1,1.0
355,36,-1,1.0
356,22,-1,4.0
357,19,-1,5.0
358,20,0,3.0
359,43,-1,3.0
361,43,-1,2.0
362,50,1,3.0
363,25,-1,2.0
364,61,1,2.0
365,28,0,2.0
366,38,-1,1.0
367,25,-1,3.0
368,18,-1,5.0
369,43,0,5.0
370,27,-1,1.0
371,60,-1,2.0
372,75,-1,1.0
374,23,-1,4.0
375,36,-1,1.0
376,30,-1,1.0
377,56,0,2.0
378,52,-1,2.0
379,39,-1,1.0
380,35,-1,1.0
381,33,0,2.0
382,25,-1,6.0
383,27,0,2.0
384,35,1,3.0
385,41,0,2.0
387,46,0,2.0
390,26,-1,1.0
391,43,1,2.0
392,30,-1,4.0
393,70,0,4.0
395,89,1,1.0
396,42,1,4.0
397,37,0,3.0
398,29,0,3.0
399,68,1,2.0
400,25,-1,1.0
402,48,-1,2.0
403,51,0,3.0
404,40,1,5.0
405,47,0,6.0
407,35,0,4.0
408,19,-1,3.0
410,46,0,3.0
411,86,-1,1.0
412,66,1,2.0
413,42,-1,5.0
414,73,1,2.0
415,72,-1,1.0
416,53,-1,3.0
417,39,0,2.0
418,27,-1,1.0
420,23,-1,3.0
421,30,-1,4.0
422,39,0,2.0
423,26,0,3.0
424,50,-1,3.0
425,45,0,2.0
426,62,-1,1.0
427,27,-1,3.0
429,30,0,7.0
430,32,-1,4.0
432,47,-1,3.0
433,32,-1,4.0
434,32,-1,3.0
435,67,0,4.0
436,77,1,2.0
438,31,-1,1.0
439,42,-1,3.0
441,50,0,4.0
442,71,0,5.0
443,72,-1,3.0
445,45,0,2.0
446,40,-1,5.0
447,36,-1,1.0
449,30,-1,4.0
450,29,-1,4.0
451,28,-1,5.0
454,40,0,2.0
455,52,0,2.0
457,26,-1,6.0
458,55,-1,1.0
459,20,-1,4.0
460,87,1,2.0
461,28,-1,2.0
462,38,-1,2.0
463,42,-1,2.0
464,42,1,6.0
465,29,-1,4.0
466,32,-1,4.0
468,59,1,2.0
469,22,-1,2.0
471,78,1,2.0
472,32,-1,3.0
473,37,0,4.0
474,37,1,4.0
476,47,1,4.0
477,68,1,2.0
478,30,-1,5.0
479,48,-1,1.0
480,43,-1,1.0
481,33,-1,2.0
482,31,0,5.0
483,32,-1,2.0
484,21,-1,4.0
485,29,-1,4.0
486,35,-1,2.0
487,46,-1,3.0
488,38,1,2.0
489,32,-1,3.0
490,28,-1,7.0
491,68,-1,1.0
492,45,-1,1.0
493,58,0,3.0
494,28,-1,2.0
495,32,-1,3.0
496,30,-1,1.0
497,42,0,4.0
500,18,-1,4.0
501,29,-1,3.0
502,33,-1,3.0
504,57,-1,2.0
505,36,-1,3.0
506,57,1,3.0
507,18,-1,2.0
509,52,0,6.0
511,37,0,2.0
512,36,-1,1.0
513,29,-1,3.0
514,45,0,4.0
515,61,-1,1.0
516,52,0,4.0
517,49,-1,1.0
519,31,-1,5.0
520,42,-1,3.0
521,51,0,5.0
522,42,-1,1.0
523,29,-1,4.0
524,33,-1,1.0
526,21,-1,4.0
527,35,0,3.0
528,42,-1,1.0
529,41,-1,1.0
530,39,-1,3.0
531,28,-1,1.0
533,61,0,2.0
534,62,0,4.0
535,65,0,2.0
536,45,0,2.0
537,26,-1,2.0
538,25,-1,5.0
539,45,0,4.0
540,43,1,4.0
541,49,1,3.0
542,55,0,2.0
543,37,-1,1.0
544,65,1,2.0
546,39,-1,3.0
547,40,0,2.0
548,72,0,3.0
549,38,-1,1.0
550,26,-1,5.0
551,30,-1,3.0
553,57,-1,4.0
554,31,-1,1.0
555,39,-1,1.0
556,30,-1,4.0
557,43,0,3.0
558,27,-1,1.0
559,46,0,4.0
560,43,-1,2.0
562,28,0,4.0
563,43,-1,1.0
565,28,-1,3.0
568,58,-1,2.0
569,38,-1,4.0
570,31,-1,4.0
571,32,0,5.0
572,45,0,4.0
573,66,-1,3.0
574,51,0,3.0
577,46,0,5.0
578,20,-1,6.0
579,84,1,2.0
582,57,0,5.0
583,33,-1,1.0
584,25,-1,3.0
587,77,-1,1.0
588,30,-1,2.0
589,23,-1,5.0
590,43,-1,4.0
591,39,-1,1.0
592,29,1,2.0
594,45,-1,2.0
595,48,1,2.0
596,27,0,4.0
597,60,-1,4.0
598,45,0,3.0
600,33,-1,4.0
606,51,-1,5.0
607,67,1,1.0
608,38,0,2.0
609,40,-1,1.0
610,45,0,2.0
611,48,0,4.0
612,69,0,2.0
613,21,-1,5.0
616,72,-1,3.0
618,21,-1,5.0
619,48,-1,1.0
621,28,-1,5.0
622,55,-1,2.0
623,56,-1,2.0
624,50,-1,2.0
625,21,-1,4.0
626,18,-1,6.0
627,68,1,2.0
628,47,-1,1.0
629,75,1,2.0
630,50,0,4.0
631,31,-1,4.0
632,30,-1,3.0
633,41,-1,4.0
635,35,-1,1.0
636,37,-1,1.0
638,50,0,3.0
639,36,0,2.0
640,26,-1,3.0
642,22,-1,4.0
643,19,-1,3.0
644,45,0,5.0
645,31,-1,4.0
646,56,0,3.0
648,25,-1,3.0
649,73,-1,1.0
650,62,0,4.0
651,46,0,3.0
653,25,1,2.0
655,27,-1,2.0
656,87,-1,2.0
657,47,-1,1.0
658,57,0,4.0
659,60,0,4.0
662,28,-1,3.0
663,39,-1,3.0
664,47,-1,1.0
667,69,0,3.0
668,42,-1,1.0
669,46,-1,1.0
670,23,-1,3.0
671,45,-1,5.0
672,38,0,4.0
673,71,1,3.0
674,26,-1,2.0
675,60,1,2.0
676,46,0,2.0
677,39,0,4.0
678,18,-1,3.0
679,26,0,2.0
680,53,1,2.0
681,40,0,2.0
683,26,0,3.0
684,65,0,2.0
685,37,-1,2.0
686,25,-1,4.0
687,21,-1,5.0
688,25,-1,4.0
689,23,-1,5.0
690,30,-1,6.0
691,30,-1,4.0
692,42,0,4.0
694,49,0,5.0
695,32,-1,3.0
697,26,1,4.0
698,67,-1,2.0
699,88,-1,1.0
700,40,-1,4.0
702,18,-1,3.0
704,61,1,5.0
706,25,0,2.0
707,35,-1,3.0
708,46,1,2.0
709,53,1,3.0
710,48,-1,1.0
711,75,-1,2.0
712,23,-1,3.0
713,29,-1,2.0
714,46,-1,2.0
715,61,-1,1.0
716,37,-1,1.0
717,23,-1,5.0
719,33,-1,4.0
721,41,-1,2.0
723,25,0,2.0
724,33,-1,3.0
725,43,-1,2.0
726,25,-1,2.0
727,26,-1,1.0
728,22,-1,5.0
729,28,0,2.0
730,36,-1,1.0
731,28,-1,3.0
732,85,1,4.0
734,43,1,2.0
735,82,1,2.0
737,18,-1,3.0
738,53,-1,2.0
739,50,0,4.0
740,39,0,6.0
741,35,0,6.0
743,33,-1,3.0
744,35,-1,3.0
745,48,0,4.0
746,50,1,3.0
747,47,0,4.0
748,50,-1,1.0
750,26,-1,1.0
751,21,-1,4.0
752,61,0,4.0
753,88,1,2.0
754,72,-1,2.0
755,61,-1,2.0
757,51,0,5.0
758,42,-1,2.0
759,59,0,3.0
760,45,-1,1.0
762,85,1,2.0
763,46,0,4.0
764,32,0,2.0
765,70,-1,1.0
767,30,-1,4.0
768,33,-1,2.0
770,37,-1,1.0
771,32,-1,2.0
772,52,1,2.0
773,42,0,3.0
774,47,0,2.0
775,52,-1,2.0
776,66,0,3.0
778,47,-1,1.0
779,52,0,3.0
780,27,-1,4.0
781,56,0,5.0
782,53,0,6.0
783,45,0,4.0
784,37,-1,1.0
785,36,0,4.0
786,25,-1,3.0
787,45,0,2.0
789,35,-1,3.0
790,72,1,2.0
791,31,-1,4.0
792,47,0,3.0
793,20,-1,3.0
794,73,-1,2.0
796,25,0,2.0
797,52,1,4.0
798,27,-1,6.0
799,52,0,4.0
800,49,-1,1.0
802,45,-1,1.0
803,59,-1,1.0
804,18,-1,5.0
805,18,-1,3.0
806,55,-1,1.0
807,59,-1,1.0
808,22,-1,2.0
809,52,1,4.0
810,51,0,3.0
811,35,1,5.0
812,26,-1,3.0
813,38,0,2.0
814,43,-1,4.0
815,41,-1,2.0
820,47,0,4.0
821,71,-1,1.0
822,32,-1,3.0
823,60,0,3.0
825,37,-1,1.0
826,48,-1,1.0
828,68,0,2.0
829,51,-1,3.0
830,52,-1,4.0
831,31,1,4.0
832,39,-1,1.0
834,50,1,3.0
836,18,-1,6.0
837,37,-1,2.0
838,50,0,3.0
840,19,-1,6.0
841,31,-1,4.0
842,53,0,2.0
843,26,0,2.0
844,37,-1,3.0
847,48,1,2.0
848,21,-1,4.0
849,19,-1,4.0
852,65,1,3.0
853,73,-1,1.0
854,50,0,3.0
855,70,-1,1.0
856,58,-1,1.0
858,18,-1,2.0
859,32,-1,4.0
860,40,-1,1.0
861,49,-1,5.0
862,35,-1,1.0
863,40,-1,2.0
864,30,-1,4.0
865,35,-1,1.0
866,28,-1,5.0
868,39,0,2.0
869,39,-1,8.0
870,26,1,7.0
871,36,1,3.0
873,21,-1,3.0
874,45,-1,1.0
875,45,0,4.0
876,63,0,3.0
877,45,-1,1.0
878,27,1,2.0
879,47,-1,7.0
880,36,0,4.0
882,25,-1,4.0
883,32,-1,7.0
884,41,1,3.0
885,50,0,4.0
886,63,1,2.0
888,62,-1,1.0
889,63,1,3.0
890,36,-1,2.0
891,31,-1,2.0
892,45,-1,2.0
893,45,0,4.0
894,26,-1,3.0
896,38,-1,3.0
897,74,1,2.0
898,61,-1,1.0
900,70,1,2.0
902,57,0,4.0
904,20,-1,3.0
905,19,-1,4.0
906,52,-1,3.0
908,22,-1,3.0
914,25,-1,4.0
915,40,-1,3.0
916,53,-1,2.0
917,32,-1,1.0
918,70,-1,2.0
919,48,-1,1.0
920,75,1,2.0
921,62,-1,1.0
922,41,0,6.0
923,55,0,3.0
925,20,-1,3.0
926,20,-1,3.0
928,56,0,3.0
929,39,1,7.0
931,35,0,2.0
932,35,-1,1.0
933,33,-1,2.0
934,42,-1,2.0
935,35,-1,2.0
936,27,-1,3.0
937,33,-1,2.0
938,32,-1,1.0
939,35,-1,2.0
940,22,-1,9.0
941,40,0,4.0
942,51,0,2.0
944,82,1,2.0
945,43,0,3.0
946,29,-1,4.0
947,38,-1,1.0
948,37,0,3.0
949,32,-1,6.0
950,26,-1,4.0
951,39,0,4.0
952,43,-1,1.0
953,51,0,2.0
954,52,0,2.0
955,51,-1,1.0
957,33,-1,5.0
960,48,-1,2.0
961,78,1,2.0
962,46,-1,1.0
964,26,-1,7.0
968,22,-1,4.0
969,27,-1,3.0
972,37,0,4.0
973,33,-1,3.0
974,57,-1,1.0
975,35,-1,3.0
976,26,-1,3.0
977,31,-1,2.0
979,56,1,2.0
980,65,-1,1.0
981,23,-1,3.0
982,68,1,2.0
983,32,-1,1.0
984,21,-1,5.0
986,25,0,2.0
987,36,0,3.0
988,25,-1,1.0
989,58,0,4.0
990,66,-1,2.0
991,42,-1,2.0
992,36,-1,2.0
993,58,-1,2.0
994,36,-1,1.0
995,28,-1,4.0
996,45,0,2.0
997,35,-1,2.0
998,59,0,3.0
999,49,-1,1.0
1000,51,-1,1.0
1001,40,-1,2.0
1003,74,-1,1.0
1004,27,-1,2.0
1005,70,1,2.0
1006,62,-1,2.0
1007,37,-1,1.0
1008,40,-1,3.0
1010,52,0,4.0
1011,57,0,2.0
1012,37,-1,3.0
1013,60,-1,1.0
1014,43,1,3.0
1015,37,-1,1.0
1016,59,0,3.0
1017,60,-1,3.0
1018,69,-1,3.0
1019,49,1,4.0
1020,23,-1,5.0
1021,43,0,3.0
1022,22,-1,7.0
1023,29,-1,4.0
1024,26,-1,2.0
1025,36,0,4.0
1026,55,-1,1.0
1027,59,-1,1.0
1030,53,0,3.0
1031,62,0,3.0
1032,73,1,3.0
1033,45,1,4.0
1035,28,-1,4.0
1036,25,-1,2.0
1037,52,0,3.0
1038,61,0,3.0
1039,27,-1,4.0
1040,31,0,2.0
1041,40,-1,4.0
1042,27,-1,3.0
1043,60,-1,1.0
1044,40,1,2.0
1045,32,-1,2.0
1046,42,-1,2.0
1047,32,0,2.0
1048,27,-1,2.0
1049,29,-1,5.0
1050,43,-1,5.0
1051,48,0,2.0
1052,62,0,6.0
1053,42,-1,2.0
1054,25,0,2.0
1056,61,-1,4.0
1057,26,-1,1.0
1058,27,-1,4.0
1059,40,-1,2.0
1060,23,-1,4.0
1061,45,1,4.0
1062,37,-1,1.0
1064,70,-1,2.0
1065,37,0,2.0
1066,19,-1,4.0
1070,63,0,5.0
1071,68,0,2.0
1072,27,-1,4.0
1073,30,-1,3.0
1074,33,-1,3.0
1075,25,-1,2.0
1076,37,-1,2.0
1077,30,-1,3.0
1078,66,0,2.0
1079,31,-1,1.0
1080,31,-1,3.0
1081,45,1,5.0
1082,42,-1,3.0
1083,46,0,2.0
1084,76,1,2.0
1085,25,-1,4.0
1086,41,0,3.0
1087,49,0,2.0
1089,55,-1,2.0
1090,66,1,2.0
1091,68,-1,1.0
1094,26,-1,2.0
1096,20,-1,4.0
1097,50,-1,3.0
1098,84,1,2.0
1099,43,-1,5.0
1100,63,0,4.0
1101,37,-1,1.0
1102,31,0,3.0
1103,26,-1,3.0
1104,41,0,3.0
1105,62,1,2.0
1106,45,1,4.0
1107,28,-1,3.0
1108,89,1,2.0
1109,20,-1,4.0
1110,40,-1,2.0
1111,23,-1,4.0
1112,41,-1,1.0
1113,78,1,2.0
1114,43,-1,1.0
1115,57,1,4.0
1116,55,1,3.0
1117,27,-1,1.0
1118,51,1,4.0
1119,35,1,4.0
1120,49,0,3.0
1121,33,-1,2.0
1122,60,0,2.0
1123,52,-1,3.0
1124,42,-1,2.0
1125,28,-1,3.0
1126,43,1,3.0
1127,25,-1,4.0
1129,42,0,3.0
1132,41,1,4.0
1133,71,-1,2.0
1134,42,0,2.0
1135,56,0,2.0
1136,41,0,2.0
1137,72,-1,2.0
1138,30,-1,4.0
1139,25,-1,6.0
1140,33,-1,4.0
1142,38,1,3.0
1143,60,-1,2.0
1144,79,1,3.0
1145,38,-1,4.0
1146,56,0,1.0
1147,73,-1,1.0
1148,22,-1,7.0
1149,42,-1,3.0
1150,72,1,2.0
1151,33,-1,3.0
1152,53,0,4.0
1153,25,-1,5.0
1154,46,0,3.0
1155,18,-1,3.0
1156,60,-1,1.0
1157,22,-1,4.0
1158,22,-1,5.0
1159,18,-1,5.0
1160,39,1,3.0
1161,19,-1,5.0
1162,30,-1,1.0
1163,23,-1,5.0
1164,23,-1,7.0
1165,48,-1,1.0
1166,39,-1,1.0
1167,56,-1,1.0
1168,63,0,2.0
1169,71,1,4.0
1170,70,1,2.0
1171,84,-1,1.0
1172,39,1,6.0
1173,42,-1,4.0
1174,46,-1,2.0
1175,63,0,3.0
1176,55,-1,3.0
1177,42,-1,2.0
1179,88,-1,1.0
1180,43,0,2.0
1181,73,1,3.0
1183,30,-1,5.0
1184,30,0,2.0
1185,46,1,3.0
1186,43,0,2.0
1187,36,1,3.0
1189,63,-1,1.0
1190,35,-1,2.0
1191,31,-1,2.0
1193,26,-1,2.0
1194,37,0,2.0
1195,26,0,2.0
1196,37,-1,5.0
1197,53,0,3.0
1198,55,-1,1.0
1199,42,1,6.0
1200,46,0,2.0
1202,63,-1,1.0
1203,52,-1,4.0
1204,28,-1,2.0
1205,20,-1,5.0
1206,60,1,3.0
1207,42,0,4.0
1208,46,0,6.0
1209,37,0,2.0
1210,42,-1,1.0
1211,46,0,4.0
1212,49,-1,7.0
1213,89,1,2.0
1214,38,-1,1.0
1215,48,0,2.0
1216,51,-1,4.0
1217,73,1,2.0
1218,30,-1,4.0
1220,65,0,2.0
1221,36,-1,1.0
1222,25,-1,3.0
1224,43,1,4.0
1225,33,1,2.0
1226,30,-1,1.0
1228,25,-1,2.0
1229,49,0,4.0
1230,31,-1,1.0
1232,27,-1,8.0
1233,33,-1,3.0
1234,35,0,2.0
1235,19,-1,5.0
1236,25,1,5.0
1237,57,1,4.0
1238,45,0,4.0
1239,47,1,3.0
1241,33,-1,2.0
1242,45,-1,1.0
1243,27,-1,3.0
1244,38,-1,1.0
1245,38,-1,3.0
1246,87,-1,1.0
1247,30,-1,3.0
1248,57,0,7.0
1249,63,-1,2.0
1250,50,-1,3.0
1251,68,1,2.0
1252,33,-1,2.0
1253,37,-1,2.0
1254,25,-1,6.0
1255,29,-1,5.0
1256,32,-1,2.0
1257,68,-1,1.0
1258,86,1,2.0
1259,49,-1,3.0
1260,32,1,2.0
1261,28,-1,4.0
1263,83,-1,1.0
1264,63,-1,1.0
1265,65,1,2.0
1266,38,0,3.0
1267,61,-1,1.0
1268,46,-1,2.0
1269,30,-1,2.0
1272,22,-1,5.0
1273,42,0,2.0
1274,57,-1,7.0
1275,49,-1,2.0
1276,25,-1,3.0
1277,31,-1,1.0
1278,25,-1,5.0
1279,33,-1,5.0
1280,29,-1,6.0
1281,38,0,4.0
1282,62,1,2.0
1283,59,-1,1.0
1284,27,-1,5.0
1285,51,0,3.0
1286,59,-1,3.0
1288,37,-1,1.0
1289,37,1,4.0
1290,30,0,2.0
1291,43,0,2.0
1292,40,-1,2.0
1293,40,-1,2.0
1294,30,-1,5.0
1295,40,0,2.0
1296,62,1,3.0
1297,22,-1,8.0
1298,66,1,2.0
1299,67,-1,1.0
1300,50,0,3.0
1301,27,-1,3.0
1302,28,-1,3.0
1303,45,0,2.0
1304,59,0,2.0
1305,19,-1,2.0
1306,62,-1,4.0
1308,19,-1,4.0
1309,28,-1,3.0
1310,25,-1,4.0
1311,36,-1,2.0
1312,33,-1,2.0
1313,59,0,4.0
1314,20,-1,4.0
1315,23,-1,5.0
1317,46,-1,2.0
1318,74,1,2.0
1319,26,-1,1.0
1321,41,-1,3.0
1323,30,0,2.0
1324,70,-1,2.0
1325,50,-1,3.0
1328,40,-1,3.0
1329,39,-1,1.0
1330,88,1,2.0
1331,43,-1,1.0
1332,19,-1,3.0
1333,45,-1,1.0
1336,35,-1,1.0
1337,53,-1,3.0
1338,21,-1,4.0
1340,38,0,3.0
1341,36,0,3.0
1342,63,0,4.0
1343,31,-1,2.0
1344,25,-1,1.0
1345,52,-1,2.0
1346,19,-1,4.0
1348,30,-1,4.0
1349,59,0,5.0
1350,25,-1,3.0
1351,77,-1,1.0
1352,58,0,2.0
1353,38,-1,4.0
1354,29,-1,4.0
1355,56,0,3.0
1356,37,-1,2.0
1357,49,0,4.0
1358,41,-1,1.0
1360,28,-1,1.0
1361,35,-1,2.0
1362,23,-1,3.0
1363,43,0,2.0
1365,30,-1,4.0
1366,20,-1,3.0
1367,84,1,2.0
1369,28,-1,1.0
1370,73,0,2.0
1372,42,-1,1.0
1373,49,-1,2.0
1376,42,-1,1.0
1377,31,-1,4.0
1378,49,0,4.0
1379,58,0,2.0
1380,72,1,5.0
1381,45,0,4.0
1382,49,0,5.0
1383,20,-1,3.0
1385,50,-1,2.0
1387,78,1,2.0
1390,25,-1,3.0
1392,28,-1,1.0
1393,49,-1,1.0
1394,29,-1,1.0
1395,52,-1,1.0
1396,23,-1,4.0
1398,26,0,2.0
1399,51,-1,4.0
1400,27,1,3.0
1401,20,-1,3.0
1402,62,-1,1.0
1403,63,0,8.0
1404,53,-1,1.0
1405,28,-1,3.0
1406,33,-1,3.0
1407,45,0,2.0
1408,61,0,2.0
1410,42,-1,3.0
1411,52,1,4.0
1412,51,-1,1.0
1413,49,-1,2.0
1414,51,-1,2.0
1415,29,0,4.0
1418,25,-1,4.0
1419,29,0,2.0
1420,60,0,5.0
1421,25,-1,3.0
1422,55,1,2.0
1423,66,1,2.0
1424,27,-1,6.0
1425,51,0,4.0
1426,35,-1,2.0
1427,65,-1,2.0
1429,32,-1,5.0
1431,21,-1,3.0
1432,36,-1,1.0
1433,70,0,2.0
1434,28,-1,3.0
1435,25,-1,1.0
1436,36,-1,2.0
1437,20,-1,4.0
1438,49,-1,2.0
1440,49,0,6.0
1441,18,-1,4.0
1442,46,0,5.0
1443,47,-1,2.0
1445,47,0,2.0
1447,28,-1,9.0
1448,58,0,3.0
1449,21,-1,4.0
1450,53,0,2.0
1451,67,0,3.0
1452,26,-1,5.0
1453,26,-1,3.0
1454,40,0,2.0
1455,25,-1,3.0
1456,41,-1,1.0
1457,45,1,3.0
1458,47,0,2.0
1463,39,-1,1.0
1464,60,0,3.0
1465,39,0,6.0
1466,65,-1,1.0
1467,43,-1,1.0
1469,31,-1,2.0
1470,38,-1,1.0
1471,27,-1,3.0
1472,58,0,2.0
1473,62,1,2.0
1474,48,-1,1.0
1475,57,1,2.0
1476,42,0,5.0
1477,68,1,2.0
1480,51,-1,4.0
1481,59,0,4.0
1482,36,0,2.0
1484,25,-1,2.0
1485,48,-1,1.0
1487,70,0,2.0
1488,42,-1,3.0
1489,26,-1,2.0
1490,25,-1,4.0
1491,36,-1,3.0
1492,42,-1,1.0
1493,35,-1,7.0
1494,22,0,2.0
1495,36,-1,1.0
1496,47,0,3.0
1497,19,-1,4.0
1498,36,-1,2.0
1499,28,-1,3.0
1500,52,0,4.0
1502,47,-1,4.0
1503,29,-1,1.0
1504,23,-1,4.0
1505,50,0,4.0
1507,56,-1,1.0
1508,32,1,2.0
1510,63,1,2.0
1511,50,-1,2.0
1513,49,0,4.0
1514,62,-1,1.0
1515,55,0,7.0
1517,45,-1,1.0
1518,31,0,2.0
1519,33,-1,5.0
1520,52,0,2.0
1521,42,-1,2.0
1522,38,-1,3.0
1523,84,1,2.0
1524,67,1,3.0
1525,32,-1,5.0
1526,33,-1,2.0
1527,30,-1,5.0
1528,18,-1,4.0
1529,47,0,2.0
1530,29,-1,4.0
1531,63,1,4.0
1534,27,-1,4.0
1535,43,-1,1.0
1537,29,-1,3.0
1539,57,-1,1.0
1540,47,-1,1.0
1541,32,1,3.0
1542,25,0,2.0
1543,79,1,2.0
1544,41,-1,1.0
1545,36,0,2.0
1546,19,-1,9.0
1548,26,1,2.0
1549,28,-1,2.0
1550,84,-1,1.0
1551,81,-1,2.0
1552,35,-1,1.0
1553,55,0,2.0
1554,50,1,5.0
1555,78,-1,5.0
1556,36,0,4.0
1557,47,-1,1.0
1558,48,0,5.0
1559,69,-1,2.0
1560,38,1,4.0
1561,36,0,4.0
1562,52,0,4.0
1563,46,-1,1.0
1564,18,-1,6.0
1565,22,-1,4.0
1566,18,-1,6.0
1567,30,0,3.0
1569,43,1,4.0
1570,49,0,3.0
1571,40,-1,2.0
1572,55,0,3.0
1573,33,-1,7.0
1574,31,-1,5.0
1575,35,-1,6.0
1576,40,-1,3.0
1577,69,0,3.0
1578,46,-1,4.0
1579,63,-1,2.0
1581,61,0,2.0
1582,50,-1,1.0
1584,53,1,3.0
1585,35,0,2.0
1586,19,-1,3.0
1587,26,-1,4.0
1588,38,0,4.0
1589,26,-1,1.0
1590,39,1,3.0
1591,39,-1,4.0
1593,45,-1,1.0
1594,47,0,4.0
1595,30,-1,5.0
1596,48,1,2.0
1597,76,-1,2.0
1598,71,-1,2.0
1599,41,-1,1.0
1601,57,0,5.0
1602,49,-1,1.0
1603,21,1,8.0
1604,18,-1,3.0
1606,33,-1,1.0
1607,53,-1,3.0
1608,55,0,2.0
1609,73,1,4.0
1611,59,-1,2.0
1612,38,-1,2.0
1613,42,-1,2.0
1614,83,1,2.0
1616,46,0,4.0
1617,37,0,2.0
1618,42,-1,3.0
1619,71,0,2.0
1620,18,-1,3.0
1621,41,-1,1.0
1622,27,-1,5.0
1623,53,-1,1.0
1624,28,-1,3.0
1626,18,-1,2.0
1627,19,-1,4.0
1628,32,-1,4.0
1629,30,-1,4.0
1630,36,-1,1.0
1631,82,1,2.0
1633,45,-1,1.0
1635,27,-1,4.0
1636,18,-1,5.0
1637,22,-1,4.0
1638,22,-1,6.0
1639,42,-1,1.0
1640,69,-1,1.0
1641,43,1,2.0
1642,89,1,2.0
1643,26,-1,4.0
1644,43,-1,3.0
1645,30,0,2.0
1646,60,-1,2.0
1647,38,1,4.0
1649,45,0,2.0
1650,20,-1,4.0
1651,51,-1,1.0
1652,36,0,4.0
1653,41,-1,3.0
1655,30,-1,1.0
1656,23,-1,5.0
1657,39,-1,2.0
1658,63,0,4.0
1659,60,0,3.0
1660,20,-1,3.0
1661,89,1,2.0
1663,43,-1,4.0
1664,70,1,2.0
1665,35,-1,1.0
1666,42,1,2.0
1667,39,0,2.0
1668,29,-1,2.0
1670,74,-1,1.0
1671,41,-1,2.0
1672,51,0,4.0
1673,50,1,3.0
1674,23,-1,3.0
1675,36,-1,3.0
1676,36,-1,1.0
1677,50,-1,2.0
1679,37,-1,1.0
1680,65,1,4.0
1681,26,-1,1.0
1682,55,-1,3.0
1683,65,1,2.0
1684,72,1,2.0
1685,51,0,2.0
1686,25,-1,5.0
1687,38,1,3.0
1690,39,-1,3.0
1691,62,1,2.0
1692,37,0,2.0
1693,28,-1,7.0
1694,32,-1,6.0
1695,31,-1,2.0
1696,31,-1,3.0
1698,67,0,2.0
1699,72,-1,1.0
1700,57,-1,3.0
1702,36,0,2.0
1703,21,-1,1.0
1704,47,0,5.0
1705,25,-1,3.0
1706,41,0,2.0
1707,29,-1,4.0
1708,21,-1,3.0
1709,66,-1,1.0
1710,27,-1,2.0
1712,52,-1,1.0
1713,46,0,3.0
1714,23,-1,4.0
1715,27,-1,5.0
1716,52,-1,3.0
1717,65,0,2.0
1719,59,-1,2.0
1720,45,-1,1.0
1722,61,1,3.0
1723,53,0,4.0
1724,37,0,2.0
1725,63,1,5.0
1727,50,-1,3.0
1728,62,-1,2.0
1729,49,0,8.0
1730,46,0,3.0
1732,53,1,4.0
1733,42,1,2.0
1734,28,-1,1.0
1735,49,0,4.0
1736,35,0,2.0
1738,58,1,2.0
1739,41,0,2.0
1740,32,0,2.0
1741,33,-1,2.0
1742,69,-1,5.0
1743,31,-1,4.0
1745,39,-1,3.0
1746,21,-1,5.0
1748,41,-1,1.0
1749,49,0,4.0
1750,38,0,2.0
1752,52,-1,4.0
1753,46,-1,2.0
1754,28,-1,3.0
1755,55,1,5.0
1756,41,-1,1.0
1757,47,1,2.0
1758,52,-1,3.0
1759,45,1,4.0
1761,78,-1,1.0
1764,38,1,4.0
1765,50,0,4.0
1766,53,1,4.0
1767,43,-1,1.0
1768,59,0,3.0
1769,38,-1,2.0
1770,42,0,2.0
1771,65,0,2.0
1772,79,-1,2.0
1773,41,-1,1.0
1774,42,-1,2.0
1776,49,0,2.0
1777,58,-1,2.0
1778,69,1,3.0
1779,35,-1,1.0
1780,47,1,2.0
1781,25,-1,1.0
1782,38,-1,2.0
1783,25,-1,3.0
1784,76,-1,1.0
1785,23,-1,5.0
1787,49,0,3.0
1789,71,1,2.0
1790,39,-1,3.0
1791,41,-1,3.0
1793,27,-1,1.0
1795,35,0,2.0
1798,49,-1,1.0
1799,42,-1,3.0
1800,39,-1,1.0
1801,68,-1,1.0
1802,57,-1,1.0
1803,38,-1,1.0
1804,35,0,5.0
1805,41,-1,3.0
1806,40,0,4.0
1808,53,0,4.0
1809,38,0,3.0
1810,68,-1,2.0
1811,30,-1,2.0
1812,52,0,5.0
1813,80,-1,1.0
1814,31,-1,7.0
1816,87,1,2.0
1817,23,-1,4.0
1818,45,-1,1.0
1819,36,0,4.0
1820,41,1,2.0
1821,48,-1,4.0
1822,70,1,5.0
1823,84,1,2.0
1824,39,0,2.0
1825,39,-1,1.0
1826,50,0,4.0
1827,40,-1,5.0
1829,38,0,3.0
1830,71,1,2.0
1831,35,-1,1.0
1832,27,-1,5.0
1833,33,0,3.0
1835,74,1,2.0
1836,20,-1,2.0
1837,30,1,4.0
1838,22,-1,4.0
1839,43,-1,1.0
1840,36,-1,2.0
1841,29,-1,2.0
1842,43,-1,6.0
1843,38,-1,1.0
1845,68,1,4.0
1847,35,-1,2.0
1848,23,-1,4.0
1849,50,-1,1.0
1850,32,-1,5.0
1851,59,-1,1.0
1852,30,-1,5.0
1853,35,-1,1.0
1854,48,-1,2.0
1855,29,-1,4.0
1856,40,0,2.0
1857,38,0,3.0
1858,36,-1,1.0
1859,20,-1,4.0
1860,29,-1,3.0
1861,42,1,3.0
1862,35,-1,1.0
1863,37,0,6.0
1864,52,0,4.0
1865,53,-1,2.0
1866,30,1,6.0
1867,65,-1,2.0
1868,23,-1,3.0
1869,32,-1,3.0
1870,36,-1,1.0
1871,27,-1,3.0
1872,36,-1,2.0
1873,37,-1,1.0
1874,29,-1,3.0
1875,29,-1,5.0
1876,27,-1,6.0
1877,35,-1,1.0
1878,40,-1,1.0
1879,37,-1,4.0
1880,19,-1,5.0
1881,29,-1,4.0
1882,53,0,2.0
1886,26,-1,1.0
1887,30,-1,4.0
1888,30,-1,2.0
1889,69,1,3.0
1890,57,-1,1.0
1891,56,0,2.0
1892,27,-1,4.0
1893,21,-1,6.0
1894,71,1,4.0
1895,39,-1,4.0
1896,87,1,2.0
1897,59,0,3.0
1898,32,-1,1.0
1899,40,-1,4.0
1902,31,-1,9.0
1906,35,-1,4.0
1907,46,0,2.0
1908,69,-1,2.0
1909,69,1,3.0
1910,45,0,5.0
1911,38,-1,4.0
1912,39,1,3.0
1914,23,-1,5.0
1915,58,0,6.0
1916,84,1,2.0
1917,35,0,2.0
1918,22,-1,2.0
1920,23,-1,2.0
1921,41,-1,3.0
1922,50,1,3.0
1923,50,1,4.0
1924,28,-1,1.0
1925,37,0,2.0
1929,73,1,2.0
1931,50,1,3.0
1933,32,1,2.0
1934,39,-1,1.0
1935,43,-1,4.0
1936,33,-1,2.0
1937,61,0,3.0
1938,70,0,2.0
1939,66,0,2.0
1940,72,-1,1.0
1941,71,1,2.0
1942,18,-1,9.0
1943,33,0,2.0
1944,28,-1,1.0
1945,27,0,2.0
1946,38,-1,5.0
1947,63,0,7.0
1948,70,1,3.0
1949,26,-1,1.0
1950,36,-1,2.0
1951,47,-1,3.0
1952,28,-1,2.0
1953,26,-1,5.0
1955,20,-1,3.0
1956,30,0,2.0
1957,41,-1,2.0
1958,40,-1,1.0
1959,47,0,4.0
1960,40,0,5.0
1961,53,0,3.0
1963,60,-1,2.0
1964,27,-1,1.0
1965,43,-1,2.0
1966,33,-1,3.0
1967,56,0,2.0
1968,70,1,2.0
1969,70,1,2.0
1972,40,-1,3.0
1974,29,-1,4.0
1976,40,0,2.0
1977,82,-1,1.0
1978,38,-1,1.0
1979,39,0,3.0
1980,39,0,2.0
1981,47,-1,1.0
1982,75,1,2.0
1983,37,-1,4.0
1984,84,1,2.0
1985,42,-1,2.0
1986,39,0,2.0
1987,42,0,2.0
1988,40,0,2.0
1989,52,-1,1.0
1990,52,-1,1.0
1991,31,-1,4.0
1992,37,-1,2.0
1993,27,-1,1.0
1994,35,-1,4.0
1995,79,1,2.0
1996,28,-1,4.0
1997,31,-1,4.0
1998,88,1,3.0
1999,51,-1,1.0
2001,53,0,2.0
2002,43,-1,2.0
2003,55,-1,2.0
2004,35,-1,2.0
2005,25,0,2.0
2006,58,0,4.0
2007,32,-1,6.0
2008,49,0,4.0
2009,53,1,2.0
2010,31,-1,4.0
2011,39,-1,2.0
2012,42,-1,1.0
2013,20,-1,5.0
2014,50,-1,2.0
2015,26,-1,6.0
2016,46,0,3.0
2017,30,-1,2.0
2018,60,0,2.0
2019,84,-1,1.0
2021,63,-1,1.0
2022,38,-1,2.0
2023,51,0,4.0
2024,20,-1,4.0
2025,25,-1,3.0
2026,33,-1,5.0
2027,31,-1,1.0
2028,57,-1,3.0
2029,42,-1,4.0
2030,40,0,5.0
2031,66,1,3.0
2032,21,-1,4.0
2033,73,1,2.0
2034,46,-1,2.0
2035,66,0,2.0
2036,27,0,2.0
2038,53,1,4.0
2039,80,-1,1.0
2040,63,0,3.0
2041,41,-1,1.0
2042,43,0,4.0
2044,18,-1,5.0
2045,33,-1,4.0
2046,30,-1,3.0
2047,85,1,2.0
2052,36,1,7.0
2053,27,0,2.0
2054,28,-1,5.0
2055,35,0,3.0
2056,26,-1,3.0
2058,56,1,4.0
2059,26,-1,2.0
2060,31,-1,2.0
2061,21,-1,2.0
2062,39,0,4.0
2063,51,-1,1.0
2064,45,-1,4.0
2068,77,-1,1.0
2070,33,0,5.0
2071,29,-1,3.0
2073,43,-1,2.0
2074,18,-1,3.0
2075,53,0,3.0
2076,28,0,3.0
2077,43,-1,4.0
2078,31,-1,3.0
2080,65,-1,2.0
2081,33,0,2.0
2082,49,0,6.0
2083,33,-1,4.0
2084,53,0,2.0
2085,47,0,4.0
2086,31,-1,7.0
2087,52,1,4.0
2090,30,-1,2.0
2092,69,0,2.0
2093,29,-1,4.0
2094,56,0,5.0
2095,72,0,3.0
2097,30,-1,4.0
2098,31,-1,4.0
2099,41,-1,3.0
2100,31,-1,7.0
2102,26,1,3.0
2105,20,-1,4.0
2106,41,-1,4.0
2108,63,-1,3.0
2109,88,-1,1.0
2111,55,1,4.0
2113,32,-1,2.0
2114,38,0,3.0
2115,62,-1,1.0
2116,18,-1,5.0
2117,67,1,2.0
2118,42,-1,2.0
2119,45,-1,1.0
2120,46,0,3.0
2121,20,-1,4.0
2122,41,1,3.0
2123,35,0,4.0
2124,52,-1,2.0
2125,63,0,4.0
2126,51,-1,3.0
2127,29,0,2.0
2128,27,-1,4.0
2129,37,-1,1.0
2131,50,-1,2.0
2132,74,-1,1.0
2133,72,0,3.0
2134,83,1,2.0
2135,37,0,3.0
2136,19,-1,3.0
2137,30,-1,1.0
2138,46,-1,2.0
2139,65,-1,2.0
2140,88,0,2.0
2141,43,0,2.0
2142,50,1,3.0
2143,35,-1,2.0
2144,67,-1,1.0
2145,66,-1,1.0
2146,39,-1,2.0
2148,32,-1,1.0
2149,40,-1,1.0
2150,88,1,3.0
2151,30,-1,5.0
2152,32,-1,1.0
2153,43,-1,2.0
2154,55,0,2.0
2155,47,0,3.0
2158,22,-1,4.0
2160,31,-1,7.0
2162,19,-1,4.0
2163,69,0,2.0
2165,45,1,2.0
2166,22,-1,3.0
2167,26,-1,3.0
2168,39,-1,3.0
2169,61,-1,2.0
2170,74,1,2.0
2171,29,-1,1.0
2172,29,-1,1.0
2173,36,-1,3.0
2174,63,-1,2.0
2175,69,0,5.0
2177,81,-1,1.0
2178,71,1,2.0
2179,31,-1,2.0
2181,35,0,3.0
2182,52,-1,1.0
2185,45,-1,2.0
2186,19,-1,4.0
2187,23,-1,5.0
2188,77,-1,2.0
2189,84,-1,1.0
2190,47,1,4.0
2191,29,-1,3.0
2192,35,-1,3.0
2193,40,-1,2.0
2194,35,-1,1.0
2195,20,-1,3.0
2196,43,-1,2.0
2197,56,-1,1.0
2198,53,-1,1.0
2199,22,1,3.0
2200,32,1,4.0
2201,51,1,5.0
2203,37,0,4.0
2204,55,0,4.0
2205,42,-1,2.0
2206,20,-1,5.0
2207,42,-1,2.0
2208,38,1,5.0
2209,52,-1,1.0
2210,48,-1,1.0
2211,37,0,2.0
2212,27,-1,3.0
2213,48,0,4.0
2214,25,-1,2.0
2215,56,-1,1.0
2216,68,-1,1.0
2217,21,-1,4.0
2219,43,-1,2.0
2220,52,1,2.0
2221,50,0,5.0
2222,41,-1,1.0
2223,40,0,2.0
2224,32,-1,2.0
2225,57,1,2.0
2226,25,-1,2.0
2227,74,1,2.0
2229,46,0,2.0
2230,50,-1,1.0
2231,50,0,2.0
2232,69,1,2.0
2233,29,-1,1.0
2236,38,1,5.0
2237,82,-1,1.0
2239,50,-1,3.0
2240,56,1,2.0
2241,19,-1,3.0
2242,29,-1,3.0
2243,26,-1,3.0
2244,31,-1,5.0
2245,42,0,2.0
2246,33,-1,1.0
2247,35,-1,5.0
2248,46,1,3.0
2249,67,-1,2.0
2250,35,-1,2.0
2251,28,-1,3.0
2252,43,-1,1.0
2254,73,0,3.0
2255,21,-1,4.0
2256,32,-1,3.0
2258,32,-1,3.0
2259,25,-1,3.0
2260,40,-1,1.0
2261,19,-1,3.0
2262,48,1,5.0
2263,36,-1,3.0
2264,27,-1,3.0
2265,82,1,2.0
2266,23,-1,4.0
2267,30,-1,3.0
2268,30,-1,4.0
2269,30,-1,3.0
2270,28,-1,5.0
2271,60,-1,2.0
2272,52,0,2.0
2274,19,-1,2.0
2275,40,-1,5.0
2276,38,-1,1.0
2277,71,0,2.0
2278,40,-1,3.0
2279,68,1,2.0
2281,21,-1,4.0
2284,39,0,4.0
2285,41,-1,4.0
2287,22,-1,3.0
2289,49,-1,2.0
2290,26,-1,2.0
2292,27,-1,2.0
2293,50,-1,2.0
2294,37,-1,2.0
2295,43,-1,2.0
2296,35,-1,1.0
2297,50,-1,1.0
2298,31,-1,1.0
2300,20,-1,2.0
2301,66,0,2.0
2302,37,0,2.0
2303,52,0,2.0
2304,45,1,5.0
2305,27,-1,6.0
2306,46,1,4.0
2307,43,-1,1.0
2308,32,-1,6.0
2309,87,-1,4.0
2311,59,-1,2.0
2312,63,0,3.0
2315,47,-1,1.0
2316,45,-1,2.0
2317,79,-1,1.0
2318,65,1,2.0
2319,38,-1,2.0
2321,20,-1,3.0
2322,36,-1,2.0
2323,22,-1,4.0
2324,56,1,4.0
2325,32,-1,3.0
2326,33,-1,1.0
2327,68,1,2.0
2329,38,0,3.0
2331,49,1,4.0
2333,33,-1,1.0
2334,57,1,2.0
2335,65,-1,6.0
2337,36,0,2.0
2338,43,0,7.0
2339,18,-1,5.0
2340,43,0,2.0
2341,75,-1,1.0
2343,39,0,2.0
2344,61,-1,2.0
2346,26,-1,5.0
2347,52,0,4.0
2348,50,-1,1.0
2349,51,-1,1.0
2350,50,0,3.0
2351,53,1,5.0
2352,40,-1,4.0
2354,26,-1,3.0
2355,32,-1,4.0
2356,22,-1,3.0
2357,36,0,4.0
2359,69,-1,1.0
2360,39,-1,2.0
2361,81,1,2.0
2362,28,-1,2.0
2363,28,-1,5.0
2364,52,-1,5.0
2365,40,0,5.0
2367,37,0,2.0
2368,26,-1,5.0
2369,31,-1,1.0
2370,68,-1,2.0
2371,42,0,3.0
2372,56,0,6.0
2373,37,-1,2.0
2374,58,-1,1.0
2375,33,-1,1.0
2376,31,-1,1.0
2377,27,-1,3.0
2378,25,-1,4.0
2379,51,0,2.0
2380,37,0,3.0
2381,69,0,4.0
2382,45,-1,1.0
2383,38,-1,2.0
2385,19,-1,4.0
2386,32,-1,3.0
2387,31,-1,5.0
2388,19,-1,3.0
2389,41,0,3.0
2391,21,-1,4.0
2393,23,-1,6.0
2394,65,0,2.0
2395,31,-1,5.0
2397,73,1,2.0
2398,42,-1,2.0
2399,47,-1,1.0
2400,19,-1,5.0
2401,45,-1,9.0
2403,28,-1,3.0
2407,50,0,4.0
2408,26,-1,2.0
2409,82,-1,1.0
2410,33,-1,2.0
2411,50,-1,2.0
2412,83,-1,1.0
2413,37,-1,1.0
2414,37,0,2.0
2415,55,1,3.0
2416,61,-1,2.0
2417,39,-1,1.0
2418,40,-1,2.0
2419,55,-1,1.0
2420,50,0,1.0
2421,26,-1,3.0
2422,53,-1,1.0
2424,32,-1,3.0
2425,31,-1,1.0
2426,30,-1,4.0
2427,31,-1,4.0
2428,47,-1,1.0
2429,49,0,2.0
2430,37,1,3.0
2431,47,0,4.0
2432,52,1,2.0
2434,79,1,2.0
2435,47,1,6.0
2437,23,-1,4.0
2438,29,-1,4.0
2439,33,-1,1.0
2440,21,-1,4.0
2441,18,-1,4.0
2442,70,1,2.0
2443,56,0,2.0
2444,42,0,2.0
2445,28,-1,2.0
2447,81,-1,1.0
2448,30,-1,2.0
2449,53,-1,2.0
2450,26,-1,4.0
2451,51,-1,3.0
2452,19,-1,7.0
2453,75,1,2.0
2454,51,-1,1.0
2455,70,-1,2.0
2456,38,-1,1.0
2457,21,-1,4.0
2458,80,-1,1.0
2460,33,-1,1.0
2461,48,0,6.0
2463,33,-1,3.0
2464,31,-1,4.0
2465,48,0,2.0
2466,49,0,8.0
2467,38,-1,1.0
2468,39,-1,1.0
2469,46,0,2.0
2470,41,0,2.0
2471,31,1,3.0
2472,37,0,2.0
2473,58,-1,1.0
2474,49,0,2.0
2475,47,-1,1.0
2476,30,-1,4.0
2478,33,-1,2.0
2479,33,-1,4.0
2481,45,-1,2.0
2482,45,-1,1.0
2484,21,-1,4.0
2485,36,-1,2.0
2487,28,-1,5.0
2488,89,1,2.0
2489,48,1,4.0
2490,47,1,5.0
2492,18,-1,4.0
2493,58,1,2.0
2494,42,0,3.0
2495,22,-1,3.0
2496,50,-1,1.0
2498,73,1,2.0
2500,40,0,3.0
2503,39,-1,2.0
2504,83,1,3.0
2505,55,-1,1.0
2507,42,0,4.0
2508,27,-1,4.0
2509,53,1,2.0
2510,40,0,7.0
2511,62,0,9.0
2514,27,-1,3.0
2515,84,1,2.0
2517,26,-1,4.0
2518,33,-1,1.0
2519,27,-1,1.0
2520,46,0,5.0
2522,25,-1,3.0
2524,32,-1,4.0
2525,21,-1,4.0
2526,73,1,4.0
2527,35,0,2.0
2528,52,-1,1.0
2529,40,-1,2.0
2531,88,1,2.0
2533,41,-1,2.0
2535,45,0,5.0
2536,41,-1,4.0
2537,75,1,2.0
2538,39,-1,2.0
2539,89,1,2.0
2540,45,-1,1.0
2541,50,0,2.0
2542,43,1,2.0
2543,50,0,4.0
2547,76,-1,1.0
2549,41,-1,2.0
2550,50,-1,2.0
2551,56,1,5.0
2552,28,0,2.0
2554,72,0,2.0
2556,28,-1,2.0
2557,27,0,2.0
2558,32,-1,4.0
2559,20,-1,4.0
2560,45,-1,5.0
2561,59,-1,2.0
2562,46,-1,1.0
2563,46,0,3.0
2564,41,-1,2.0
2565,70,1,2.0
2567,42,0,3.0
2568,60,1,9.0
2569,37,-1,1.0
2570,18,-1,7.0
2571,52,0,3.0
2572,32,-1,4.0
2573,74,-1,1.0
2574,29,0,2.0
2575,37,0,3.0
2576,45,0,3.0
2577,22,-1,4.0
2579,51,0,2.0
2580,59,0,2.0
2581,55,0,2.0
2582,22,-1,3.0
2584,84,1,2.0
2586,50,0,3.0
2587,73,1,3.0
2588,23,-1,4.0
2590,21,-1,5.0
2591,18,-1,4.0
2592,46,0,3.0
2593,32,-1,2.0
2594,36,-1,3.0
2595,37,-1,2.0
2596,42,-1,1.0
2598,42,0,2.0
2599,33,-1,1.0
2601,59,0,5.0
2602,70,-1,1.0
2603,53,-1,1.0
2604,80,1,2.0
2606,39,0,2.0
2608,58,0,5.0
2609,30,-1,9.0
2610,23,-1,3.0
2611,59,0,4.0
2612,56,-1,2.0
2613,40,-1,1.0
2614,68,-1,2.0
2615,29,-1,6.0
2616,55,0,3.0
2617,21,-1,4.0
2618,19,-1,4.0
2619,41,0,4.0
2620,41,-1,1.0
2621,33,-1,2.0
2623,41,-1,1.0
2624,35,1,4.0
2625,41,0,2.0
2627,26,-1,3.0
2628,42,1,5.0
2629,53,0,2.0
2630,33,0,3.0
2631,39,-1,2.0
2633,25,-1,3.0
2634,40,-1,2.0
2635,22,-1,4.0
2636,37,0,2.0
2637,65,-1,2.0
2638,49,0,2.0
2639,38,-1,2.0
2640,65,0,2.0
2642,52,-1,4.0
2643,73,-1,1.0
2644,48,-1,1.0
2645,25,-1,2.0
2646,31,-1,3.0
2647,25,-1,9.0
2649,20,-1,4.0
2650,25,-1,3.0
2651,25,-1,2.0
2652,29,-1,3.0
2653,72,0,3.0
2654,48,1,2.0
2655,28,-1,5.0
2656,42,1,3.0
2657,32,-1,3.0
2658,49,-1,1.0
2659,55,0,2.0
2660,40,0,3.0
2661,37,-1,3.0
2662,27,-1,4.0
2663,32,1,2.0
2664,36,1,4.0
2667,18,-1,4.0
2668,36,-1,1.0
2670,88,1,2.0
2673,51,-1,3.0
2674,51,0,4.0
2675,31,-1,2.0
2676,47,0,3.0
2679,29,-1,6.0
2682,68,0,2.0
2684,32,-1,4.0
2685,75,-1,1.0
2686,39,-1,1.0
2687,18,-1,3.0
2688,42,0,2.0
2689,48,0,4.0
2690,70,1,2.0
2691,45,0,2.0
2692,29,-1,4.0
2693,50,0,3.0
2694,22,-1,6.0
2695,46,-1,2.0
2697,81,1,2.0
2698,49,0,3.0
2700,66,1,2.0
2702,29,-1,1.0
2703,86,1,2.0
2704,70,0,3.0
2705,36,0,2.0
2706,35,-1,2.0
2707,42,1,2.0
2709,20,-1,3.0
2710,27,0,9.0
2711,56,-1,1.0
2712,67,-1,1.0
2713,51,-1,1.0
2714,49,0,3.0
2715,51,-1,3.0
2716,26,-1,9.0
2718,31,-1,1.0
2719,43,1,3.0
2720,59,0,5.0
2721,35,-1,1.0
2723,48,-1,2.0
2724,88,1,2.0
2725,30,-1,6.0
2726,22,-1,3.0
2727,66,1,2.0
2728,81,1,2.0
2729,36,0,2.0
2731,50,-1,1.0
2732,51,-1,2.0
2733,66,1,3.0
2734,39,0,2.0
2735,28,-1,5.0
2737,50,-1,1.0
2739,60,1,5.0
2740,52,0,4.0
2741,32,-1,3.0
2742,42,-1,1.0
2743,48,-1,2.0
2745,26,-1,2.0
2746,21,-1,7.0
2747,53,-1,1.0
2748,32,-1,3.0
2749,56,0,2.0
2750,36,-1,4.0
2751,83,-1,2.0
2752,42,-1,2.0
2754,62,1,2.0
2755,40,-1,4.0
2756,38,-1,1.0
2757,18,-1,5.0
2758,62,-1,2.0
2759,23,-1,4.0
2761,42,-1,1.0
2762,32,-1,4.0
2763,28,-1,5.0
2765,35,1,4.0
2767,53,-1,2.0
2770,52,1,4.0
2771,29,-1,3.0
2772,36,-1,3.0
2773,41,-1,1.0
2774,72,1,4.0
2775,50,-1,2.0
2776,79,1,2.0
2777,23,-1,4.0
2778,25,-1,1.0
2779,40,-1,1.0
2780,27,0,2.0
2781,62,0,7.0
2782,29,0,2.0
2783,31,-1,2.0
2785,28,-1,4.0
2786,26,-1,5.0
2787,33,-1,3.0
2790,43,-1,1.0
2791,50,0,4.0
2792,29,-1,2.0
2793,29,-1,5.0
2795,37,-1,2.0
2796,75,1,4.0
2797,19,-1,6.0
2798,42,-1,1.0
2800,28,0,2.0
2801,45,0,4.0
2803,40,-1,1.0
2804,42,-1,1.0
2805,49,-1,1.0
2807,46,-1,2.0
2808,29,0,3.0
2809,72,1,2.0
2810,26,-1,3.0
2811,50,0,3.0
2812,33,-1,3.0
2814,35,0,2.0
2815,51,0,6.0
2816,52,0,6.0
2817,20,-1,2.0
2818,33,-1,6.0
2819,58,0,3.0
2821,38,-1,4.0
2822,27,-1,1.0
2823,43,-1,2.0
2824,18,-1,5.0
2825,29,-1,3.0
2826,86,0,2.0
2827,32,-1,5.0
2828,52,-1,6.0
2829,53,0,4.0
2830,29,-1,3.0
2831,58,-1,1.0
2834,39,0,4.0
2835,40,0,3.0
2836,23,-1,5.0
2837,79,1,3.0
2838,70,1,2.0
2839,27,-1,6.0
2840,47,1,2.0
2841,58,0,4.0
2843,40,0,5.0
2844,35,0,2.0
2845,31,-1,2.0
2846,43,1,4.0
2847,21,-1,3.0
2848,29,-1,3.0
2849,18,-1,3.0
2850,28,-1,3.0
2851,27,-1,4.0
2852,47,0,2.0
2853,52,1,4.0
2854,42,-1,2.0
2855,57,1,3.0
2856,61,1,2.0
2857,33,-1,3.0
2858,41,0,4.0
2859,39,-1,3.0
2860,40,-1,2.0
2861,52,-1,3.0
2864,43,-1,1.0
2865,51,-1,1.0
2866,36,-1,2.0
2867,38,-1,2.0
2868,30,-1,5.0
2869,39,-1,4.0
2870,46,-1,2.0
2871,43,1,4.0
2872,70,1,2.0
2873,41,-1,1.0
2874,39,-1,1.0
2875,51,-1,2.0
2876,20,-1,4.0
2878,26,-1,1.0
2879,31,-1,1.0
2880,33,-1,3.0
2883,70,1,2.0
2886,71,-1,1.0
2887,29,-1,2.0
2888,41,-1,1.0
2889,55,0,2.0
2890,29,-1,4.0
2891,76,-1,1.0
2893,18,-1,3.0
2894,49,-1,3.0
2895,19,-1,5.0
2896,81,1,3.0
2897,35,-1,1.0
2898,59,0,2.0
2899,32,-1,5.0
2902,63,-1,1.0
2903,21,-1,3.0
2904,77,1,3.0
2905,36,-1,1.0
2906,22,-1,5.0
2907,26,1,4.0
2908,82,-1,1.0
2909,18,-1,4.0
2910,35,0,2.0
2911,36,0,2.0
2912,59,-1,2.0
2913,61,0,2.0
2914,37,-1,1.0
2915,25,-1,5.0
2916,28,-1,4.0
2918,29,-1,4.0
2919,86,1,2.0
2920,45,-1,2.0
2921,33,-1,1.0
2924,59,0,3.0
2926,20,-1,3.0
2928,75,-1,1.0
2930,32,-1,1.0
2932,43,-1,1.0
2933,69,-1,1.0
2934,38,-1,3.0
2935,29,-1,4.0
2936,56,-1,1.0
2938,53,-1,1.0
2939,37,-1,1.0
2940,28,1,5.0
2942,74,0,2.0
2943,51,0,4.0
2944,88,-1,1.0
2945,50,0,2.0
2946,19,-1,7.0
2948,32,-1,1.0
2949,45,1,3.0
2951,33,-1,2.0
2953,53,1,4.0
2954,18,-1,3.0
2955,45,-1,1.0
2957,26,-1,4.0
2958,46,0,2.0
2959,35,0,2.0
2960,32,-1,6.0
2962,25,0,2.0
2963,63,0,4.0
2964,23,-1,4.0
2965,26,-1,8.0
2966,46,1,3.0
2967,70,0,2.0
2968,40,0,4.0
2969,33,-1,1.0
2970,48,-1,3.0
2971,39,-1,2.0
2973,61,0,3.0
2974,52,-1,3.0
2975,26,0,2.0
2977,40,-1,2.0
2981,73,1,2.0
2982,29,-1,5.0
2983,35,0,4.0
2984,26,-1,4.0
2985,39,-1,3.0
2986,28,-1,5.0
2987,37,-1,2.0
2988,36,0,2.0
2989,41,-1,3.0
2990,39,-1,1.0
2991,74,-1,1.0
2992,23,-1,3.0
2993,25,-1,5.0
2994,50,0,5.0
2996,30,-1,3.0
2997,66,0,2.0
2998,29,-1,2.0
2999,43,-1,1.0
3000,56,-1,1.0
3001,42,1,3.0
3002,39,-1,1.0
3003,40,-1,1.0
3005,39,-1,1.0
3006,46,-1,2.0
3007,40,1,3.0
3008,78,1,2.0
3009,45,1,4.0
3010,58,0,2.0
3011,31,-1,4.0
3012,57,-1,4.0
3013,32,-1,4.0
3014,27,-1,4.0
3015,27,-1,4.0
3016,25,-1,4.0
3017,57,-1,2.0
3018,18,-1,1.0
3019,69,-1,2.0
3020,59,-1,2.0
3021,36,0,2.0
3022,19,-1,3.0
3023,40,-1,2.0
3024,20,-1,5.0
3025,63,0,3.0
3027,42,0,4.0
3029,25,0,2.0
3030,48,0,4.0
3031,52,-1,3.0
3032,35,0,2.0
3033,74,-1,1.0
3034,33,0,4.0
3035,45,1,9.0
3036,49,-1,1.0
3037,37,0,2.0
3038,40,-1,5.0
3039,29,-1,3.0
3040,72,1,7.0
3041,49,0,4.0
3043,55,0,4.0
3044,28,-1,2.0
3045,52,-1,1.0
3049,41,-1,1.0
3051,56,1,2.0
3052,51,0,1.0
3053,57,-1,2.0
3054,60,-1,4.0
3055,27,-1,3.0
3056,50,0,3.0
3057,40,-1,1.0
3058,69,1,2.0
3059,41,-1,1.0
3060,70,-1,1.0
3061,32,-1,1.0
3063,73,-1,1.0
3064,19,-1,5.0
3065,70,0,2.0
3066,33,0,2.0
3067,49,0,5.0
3068,89,1,3.0
3069,25,-1,1.0
3070,35,-1,2.0
3072,47,0,2.0
3073,48,-1,1.0
3074,45,0,5.0
3076,46,-1,2.0
3078,26,-1,2.0
3080,51,1,5.0
3081,52,0,4.0
3082,53,-1,1.0
3083,42,-1,2.0
3084,47,-1,3.0
3085,41,-1,3.0
3086,52,0,4.0
3087,30,-1,5.0
3088,47,-1,2.0
3089,61,-1,4.0
3091,31,0,2.0
3093,47,0,3.0
3094,86,1,2.0
3095,31,0,2.0
3096,30,-1,5.0
3097,32,-1,3.0
3098,41,1,2.0
3099,37,1,2.0
3100,51,-1,1.0
3101,46,0,4.0
3103,38,-1,1.0
3105,21,-1,5.0
3106,21,-1,5.0
3107,75,1,2.0
3108,68,1,2.0
3109,22,-1,5.0
3110,35,-1,1.0
3111,35,0,4.0
3112,72,0,2.0
3113,68,-1,1.0
3114,27,-1,3.0
3115,33,-1,1.0
3116,69,1,2.0
3117,22,-1,5.0
3118,47,-1,2.0
3119,53,-1,1.0
3123,38,-1,2.0
3124,25,-1,3.0
3125,57,0,2.0
3127,33,-1,5.0
3129,22,-1,6.0
3130,68,1,2.0
3131,35,-1,1.0
3132,27,-1,4.0
3133,52,-1,4.0
3134,46,-1,1.0
3135,40,-1,4.0
3137,62,-1,1.0
3138,43,-1,1.0
3140,42,-1,1.0
3142,19,-1,6.0
3144,43,1,2.0
3145,32,-1,4.0
3146,40,-1,2.0
3147,48,1,2.0
3148,38,-1,1.0
3149,68,-1,3.0
3151,35,-1,3.0
3153,60,0,2.0
3154,26,-1,5.0
3155,28,-1,4.0
3156,75,-1,1.0
3157,25,-1,2.0
3158,35,0,2.0
3159,56,-1,1.0
3160,41,0,2.0
3162,36,-1,2.0
3163,31,-1,2.0
3164,68,-1,2.0
3165,30,-1,4.0
3166,62,0,2.0
3167,39,-1,1.0
3168,72,1,7.0
3169,31,-1,3.0
3170,65,0,4.0
3171,68,-1,1.0
3172,39,0,4.0
3174,28,-1,4.0
3175,43,0,2.0
3176,77,1,2.0
3177,42,-1,1.0
3178,31,-1,4.0
3180,85,-1,3.0
3181,26,-1,2.0
3182,35,-1,1.0
3183,76,1,2.0
3184,37,-1,1.0
3185,33,-1,4.0
3187,40,-1,1.0
3188,79,-1,1.0
3189,47,-1,3.0
3190,78,0,2.0
3191,50,1,4.0
3192,46,0,2.0
3194,37,-1,2.0
3195,35,-1,2.0
3196,51,0,3.0
3197,51,-1,1.0
3198,71,1,2.0
3200,77,-1,1.0
3201,60,-1,3.0
3203,43,-1,1.0
3205,30,-1,3.0
3207,62,-1,4.0
3209,48,0,2.0
3210,66,-1,1.0
3211,25,1,3.0
3212,26,-1,5.0
3214,52,0,4.0
3215,18,-1,4.0
3216,58,0,2.0
3218,39,1,5.0
3219,19,1,3.0
3220,46,0,1.0
3221,68,1,2.0
3222,41,0,2.0
3223,25,-1,1.0
3224,50,0,5.0
3225,30,0,2.0
3227,52,0,4.0
3228,31,-1,7.0
3229,80,-1,1.0
3230,51,0,4.0
3231,39,0,4.0
3232,29,-1,4.0
3234,53,0,5.0
3235,33,1,9.0
3236,69,1,4.0
3237,33,-1,3.0
3239,48,0,3.0
3240,28,-1,2.0
3241,29,-1,1.0
3242,47,-1,1.0
3243,40,-1,6.0
3245,63,0,4.0
3246,27,-1,4.0
3247,38,0,5.0
3248,59,1,4.0
3249,38,0,3.0
3250,22,-1,4.0
3251,25,-1,4.0
3252,49,-1,1.0
3253,45,0,2.0
3254,21,-1,3.0
3255,26,-1,3.0
3256,52,0,4.0
3257,27,-1,5.0
3258,32,-1,4.0
3259,89,1,2.0
3260,39,0,2.0
3261,41,0,3.0
3262,26,-1,3.0
3263,45,-1,2.0
3264,40,-1,1.0
3265,26,-1,2.0
3266,63,-1,1.0
3267,40,-1,4.0
3268,53,-1,1.0
3270,77,1,2.0
3273,60,0,4.0
3274,59,0,2.0
3275,72,0,3.0
3276,63,-1,1.0
3277,42,-1,2.0
3278,53,1,2.0
3279,81,1,2.0
3280,76,1,3.0
3282,28,-1,2.0
3283,27,-1,2.0
3286,43,-1,1.0
3287,57,0,4.0
3288,31,-1,1.0
3289,68,-1,1.0
3290,46,1,4.0
3291,32,-1,4.0
3292,51,0,3.0
3293,19,-1,4.0
3296,62,1,2.0
3297,47,0,2.0
3298,28,0,2.0
3300,61,0,2.0
3301,25,-1,4.0
3302,74,1,2.0
3303,38,-1,2.0
3304,28,1,2.0
3306,56,1,4.0
3307,25,-1,3.0
3308,37,-1,2.0
3309,50,0,2.0
3310,48,-1,1.0
3311,48,-1,1.0
3312,48,1,4.0
3313,39,0,2.0
3314,36,0,2.0
3315,63,-1,1.0
3316,36,0,4.0
3317,37,-1,2.0
3318,42,-1,3.0
3319,39,1,2.0
3320,28,-1,1.0
3321,40,-1,1.0
3322,88,-1,2.0
3323,57,1,2.0
3324,51,0,3.0
3326,28,-1,4.0
3327,42,0,4.0
3328,18,-1,7.0
3329,27,-1,2.0
3331,68,-1,1.0
3332,42,0,2.0
3333,18,-1,4.0
3334,46,-1,2.0
3335,48,1,4.0
3336,35,-1,2.0
3337,56,0,2.0
3340,43,-1,1.0
3341,25,-1,4.0
3342,78,-1,1.0
3343,53,0,6.0
3344,33,0,2.0
3345,49,-1,1.0
3346,31,-1,4.0
3348,51,0,2.0
3349,19,-1,2.0
3350,41,0,3.0
3351,57,-1,2.0
3352,35,0,2.0
3353,40,-1,1.0
3354,26,-1,5.0
3357,50,0,2.0
3358,82,1,2.0
3359,41,0,2.0
3360,36,0,2.0
3361,22,1,9.0
3363,27,-1,4.0
3364,75,-1,2.0
3365,32,-1,3.0
3366,51,0,2.0
3367,58,0,4.0
3368,50,0,2.0
3369,55,0,4.0
3370,30,-1,1.0
3372,69,0,2.0
3373,41,1,5.0
3374,47,1,5.0
3375,76,-1,1.0
3377,30,-1,1.0
3379,33,-1,5.0
3381,31,-1,4.0
3382,25,0,5.0
3386,47,-1,2.0
3387,52,0,6.0
3388,63,1,3.0
3389,39,1,3.0
3391,21,-1,4.0
3393,38,-1,5.0
3394,43,-1,1.0
3395,28,-1,1.0
3396,21,-1,4.0
3397,50,0,2.0
3399,25,-1,5.0
3400,58,1,2.0
3401,37,1,3.0
3402,23,-1,5.0
3404,23,-1,3.0
3405,77,1,2.0
3407,35,0,3.0
3408,25,-1,3.0
3409,22,-1,3.0
3410,42,1,4.0
3411,25,-1,3.0
3412,33,-1,5.0
3413,51,0,5.0
3414,31,-1,4.0
3415,32,-1,5.0
3416,32,-1,1.0
3417,45,-1,1.0
3418,37,-1,3.0
3420,52,-1,1.0
3421,42,0,2.0
3422,59,1,5.0
3423,66,0,3.0
3425,52,0,4.0
3426,47,1,5.0
3427,42,0,3.0
3428,48,0,4.0
3429,84,1,2.0
3430,39,-1,1.0
3431,61,1,2.0
3432,46,1,2.0
3433,33,0,2.0
3434,31,1,4.0
3435,41,1,2.0
3437,66,-1,2.0
3438,20,-1,4.0
3439,43,0,2.0
3440,28,-1,3.0
3441,38,0,4.0
3442,42,-1,2.0
3443,51,-1,3.0
3444,78,-1,1.0
3445,69,1,3.0
3446,89,1,2.0
3447,47,0,6.0
3449,58,1,4.0
3452,40,0,2.0
3453,19,-1,3.0
3454,40,-1,1.0
3455,41,-1,1.0
3456,52,-1,2.0
3457,45,1,4.0
3458,33,-1,1.0
3459,43,-1,2.0
3460,39,-1,2.0
3461,51,0,3.0
3462,35,1,3.0
3463,37,-1,1.0
3464,40,-1,4.0
3465,28,-1,4.0
3467,27,0,2.0
3468,62,1,3.0
3469,57,1,2.0
3470,62,1,4.0
3471,28,-1,6.0
3472,52,1,3.0
3473,40,-1,1.0
3474,53,-1,1.0
3475,73,-1,2.0
3476,26,-1,2.0
3477,53,0,3.0
3478,42,-1,1.0
3480,70,0,2.0
3481,68,0,3.0
3482,22,-1,5.0
3483,65,-1,1.0
3484,43,-1,4.0
3485,39,0,2.0
3486,89,1,2.0
3487,37,-1,2.0
3488,29,-1,2.0
3489,27,-1,3.0
3490,88,-1,1.0
3491,48,0,2.0
3492,70,1,2.0
3494,52,-1,1.0
3495,25,-1,5.0
3496,48,-1,2.0
3498,50,1,3.0
3499,39,-1,1.0
3502,29,-1,8.0
3504,31,-1,4.0
3505,41,0,2.0
3506,27,-1,8.0
3507,56,0,3.0
3508,32,0,2.0
3509,59,0,4.0
3510,87,-1,1.0
3511,41,-1,3.0
3513,55,0,5.0
3514,52,0,3.0
3515,61,1,2.0
3516,46,-1,1.0
3517,46,0,2.0
3518,36,0,2.0
3519,36,0,4.0
3520,58,0,4.0
3521,25,-1,1.0
3522,65,1,2.0
3523,89,1,3.0
3525,39,-1,2.0
3526,89,-1,3.0
3527,59,0,4.0
3528,47,-1,2.0
3529,41,0,2.0
3531,19,-1,4.0
3532,74,1,2.0
3534,50,0,3.0
3535,23,-1,3.0
3536,28,-1,2.0
3537,59,1,3.0
3538,42,-1,1.0
3539,35,-1,2.0
3540,56,0,3.0
3541,50,0,4.0
3542,39,0,4.0
3543,45,0,2.0
3544,52,0,4.0
3545,76,-1,2.0
3546,36,-1,1.0
3547,26,-1,2.0
3548,39,-1,2.0
3549,18,-1,4.0
3550,43,-1,2.0
3551,63,1,2.0
3552,36,-1,2.0
3554,81,1,2.0
3555,37,-1,2.0
3556,47,0,4.0
3557,67,-1,1.0
3558,36,-1,1.0
3559,30,-1,3.0
3560,40,-1,1.0
3561,19,-1,4.0
3563,32,-1,5.0
3565,27,-1,7.0
3566,73,1,2.0
3567,29,1,2.0
3568,28,-1,3.0
3570,33,-1,4.0
3571,67,-1,2.0
3572,73,-1,1.0
3573,42,-1,2.0
3574,32,-1,2.0
3575,53,1,5.0
3576,42,1,2.0
3577,50,1,2.0
3578,19,-1,3.0
3579,82,-1,1.0
3580,82,1,2.0
3581,38,-1,1.0
3583,38,0,5.0
3584,48,-1,1.0
3585,22,-1,4.0
3586,30,0,2.0
3587,31,-1,3.0
3588,35,1,4.0
3589,27,-1,6.0
3590,40,-1,3.0
3591,62,-1,1.0
3592,30,-1,2.0
3593,67,0,3.0
3594,38,-1,2.0
3595,37,-1,4.0
3596,26,-1,2.0
3597,61,0,4.0
3598,22,0,3.0
3599,47,0,5.0
3600,67,1,2.0
3601,38,-1,6.0
3603,36,-1,1.0
3604,29,-1,8.0
3606,28,-1,8.0
3609,41,-1,7.0
3610,35,0,5.0
3611,39,-1,1.0
3612,73,1,2.0
3613,22,-1,3.0
3614,40,1,5.0
3615,30,-1,4.0
3616,32,-1,2.0
3617,38,-1,3.0
3620,26,0,4.0
3621,41,-1,3.0
3622,56,0,2.0
3623,61,1,2.0
3624,48,0,2.0
3625,40,1,4.0
3626,83,1,3.0
3627,22,-1,4.0
3628,22,-1,5.0
3630,72,-1,1.0
3631,27,-1,2.0
3632,35,1,3.0
3634,42,-1,3.0
3635,30,-1,2.0
3636,73,-1,2.0
3637,68,-1,2.0
3638,46,-1,1.0
3639,48,-1,1.0
3640,49,0,5.0
3641,26,-1,3.0
3642,49,-1,2.0
3643,81,1,2.0
3645,56,0,2.0
3646,26,0,3.0
3647,36,-1,3.0
3648,32,-1,3.0
3649,56,-1,1.0
3650,40,-1,1.0
3651,19,-1,4.0
3652,66,1,5.0
3654,30,-1,1.0
3655,26,0,2.0
3656,33,-1,3.0
3657,25,-1,1.0
3658,27,-1,2.0
3659,42,-1,4.0
3660,35,-1,2.0
3661,29,-1,3.0
3663,72,1,4.0
3664,21,-1,6.0
3665,50,-1,2.0
3666,49,-1,2.0
3667,33,0,2.0
3668,52,0,4.0
3669,89,-1,1.0
3670,46,1,6.0
3672,50,0,4.0
3673,30,-1,2.0
3674,22,-1,2.0
3676,32,0,2.0
3677,29,-1,4.0
3678,32,-1,1.0
3679,53,0,4.0
3680,27,1,3.0
3681,68,1,2.0
3683,39,-1,1.0
3684,20,-1,3.0
3686,38,1,3.0
3687,26,-1,2.0
3688,31,-1,4.0
3689,22,-1,4.0
3692,26,-1,2.0
3693,51,-1,1.0
3694,35,-1,3.0
3695,36,0,2.0
3696,46,1,3.0
3698,53,0,3.0
3699,18,-1,3.0
3700,26,-1,4.0
3701,32,1,2.0
3702,69,0,3.0
3703,60,0,2.0
3704,60,0,2.0
3706,26,0,2.0
3707,48,-1,1.0
3708,51,0,4.0
3709,72,1,4.0
3710,43,-1,2.0
3711,35,-1,1.0
3712,29,-1,1.0
3713,19,-1,6.0
3714,27,-1,8.0
3715,40,-1,5.0
3716,52,-1,3.0
3717,23,-1,4.0
3719,35,-1,2.0
3720,25,0,2.0
3721,47,-1,1.0
3722,37,0,2.0
3723,20,-1,4.0
3725,28,-1,3.0
3727,25,-1,5.0
3729,32,-1,3.0
3730,18,-1,7.0
3731,79,-1,1.0
3733,49,-1,1.0
3734,49,-1,4.0
3735,45,0,4.0
3736,28,-1,3.0
3738,41,-1,1.0
3739,37,0,3.0
3740,36,0,3.0
3741,45,0,2.0
3743,40,-1,1.0
3744,29,-1,3.0
3746,73,1,3.0
3747,28,-1,1.0
3748,53,-1,1.0
3750,19,-1,5.0
3751,52,0,2.0
3752,31,-1,3.0
3753,35,-1,2.0
3755,68,1,2.0
3756,42,0,2.0
3758,25,1,3.0
3759,37,-1,1.0
3761,21,-1,6.0
3762,28,0,3.0
3763,50,1,8.0
3764,46,-1,2.0
3765,19,-1,3.0
3766,37,0,2.0
3767,28,-1,1.0
3768,71,-1,1.0
3769,66,1,2.0
3770,57,0,2.0
3771,86,-1,2.0
3772,40,0,2.0
3773,49,-1,1.0
3774,41,0,3.0
3775,42,-1,4.0
3777,80,0,2.0
3779,38,0,4.0
3780,74,1,2.0
3781,30,-1,5.0
3782,20,-1,4.0
3783,43,-1,1.0
3784,32,-1,4.0
3785,53,1,3.0
3786,23,-1,6.0
3787,52,-1,1.0
3788,45,0,4.0
3790,63,0,5.0
3792,35,-1,3.0
3793,39,-1,3.0
3794,37,-1,7.0
3796,47,-1,2.0
3797,65,1,2.0
3798,25,-1,5.0
3799,40,-1,3.0
3800,27,-1,6.0
3801,19,-1,3.0
3803,56,0,2.0
3804,53,-1,2.0
3805,39,-1,1.0
3806,55,0,4.0
3807,65,-1,2.0
3808,26,-1,6.0
3809,28,-1,3.0
3811,40,-1,1.0
3812,42,0,4.0
3813,37,-1,4.0
3814,22,-1,5.0
3815,33,-1,5.0
3816,28,0,3.0
3818,32,-1,3.0
3819,33,1,1.0
3821,36,-1,2.0
3822,27,-1,1.0
3823,18,-1,3.0
3825,59,-1,2.0
3826,53,1,3.0
3828,20,-1,2.0
3829,40,-1,1.0
3830,37,1,2.0
3831,31,-1,2.0
3833,35,1,4.0
3834,35,-1,2.0
3835,39,-1,3.0
3836,79,-1,1.0
3837,42,0,2.0
3838,42,0,3.0
3839,32,-1,4.0
3840,52,0,3.0
3841,59,1,2.0
3842,51,1,3.0
3843,32,-1,1.0
3844,49,-1,1.0
3845,40,-1,2.0
3846,61,-1,1.0
3847,86,1,2.0
3848,29,-1,2.0
3849,46,-1,4.0
3850,28,-1,3.0
3851,53,-1,1.0
3853,32,-1,6.0
3854,31,-1,3.0
3855,25,-1,4.0
3857,38,0,2.0
3858,43,0,2.0
3859,20,-1,2.0
3860,33,-1,2.0
3863,38,-1,7.0
3865,27,-1,4.0
3866,35,0,5.0
3867,36,-1,3.0
3868,20,-1,2.0
3869,53,-1,1.0
3871,32,-1,2.0
3872,55,0,3.0
3873,37,0,2.0
3875,43,-1,7.0
3877,40,-1,1.0
3878,87,-1,1.0
3879,86,-1,1.0
3880,42,-1,1.0
3881,37,-1,1.0
3883,19,-1,4.0
3884,42,0,5.0
3885,33,-1,4.0
3886,41,-1,2.0
3889,22,-1,4.0
3890,32,-1,2.0
3891,83,1,3.0
3892,50,0,3.0
3893,30,-1,4.0
3895,27,-1,8.0
3896,35,-1,1.0
3897,23,-1,2.0
3898,56,0,3.0
3900,25,-1,3.0
3902,27,-1,1.0
3903,43,0,2.0
3904,40,0,5.0
3906,45,0,4.0
3907,82,1,2.0
3908,28,-1,1.0
3909,63,1,4.0
3910,35,-1,2.0
3911,89,1,2.0
3915,25,-1,3.0
3917,49,0,4.0
3918,47,-1,2.0
3919,30,0,2.0
3920,40,-1,1.0
3921,39,0,5.0
3922,61,0,5.0
3923,28,-1,4.0
3924,18,-1,3.0
3925,55,0,4.0
3926,39,-1,2.0
3928,29,-1,5.0
3929,66,-1,2.0
3930,46,-1,1.0
3931,52,0,3.0
3932,23,-1,4.0
3933,84,1,2.0
3934,27,-1,3.0
3935,37,0,3.0
3936,46,-1,1.0
3937,22,-1,3.0
3938,42,0,2.0
3939,35,-1,2.0
3940,39,1,3.0
3941,27,-1,4.0
3942,65,1,2.0
3943,39,0,3.0
3945,31,-1,4.0
3946,48,0,6.0
3947,58,0,2.0
3949,40,0,3.0
3950,26,-1,4.0
3951,35,-1,1.0
3953,49,-1,1.0
3954,26,-1,4.0
3957,49,0,2.0
3958,19,-1,8.0
3959,39,-1,3.0
3960,37,1,4.0
3961,41,-1,1.0
3962,26,-1,2.0
3963,38,0,3.0
3964,35,-1,3.0
3965,49,0,2.0
3967,38,-1,1.0
3969,70,1,2.0
3970,21,-1,3.0
3971,58,-1,1.0
3972,28,-1,5.0
3973,57,-1,1.0
3974,37,0,2.0
3975,52,1,3.0
3976,35,0,5.0
3977,30,-1,2.0
3978,35,0,2.0
3979,31,-1,3.0
3980,37,0,2.0
3981,71,1,2.0
3982,66,-1,1.0
3984,26,-1,4.0
3985,31,-1,4.0
3986,67,0,6.0
3987,51,0,5.0
3988,39,-1,1.0
3989,60,0,2.0
3991,36,0,2.0
3993,30,-1,1.0
3996,60,-1,2.0
3997,40,0,2.0
3998,83,1,2.0
4000,33,0,5.0
4001,43,0,4.0
4002,71,-1,5.0
4003,50,1,5.0
4004,57,0,2.0
4005,35,0,2.0
4006,66,1,3.0
4007,46,-1,1.0
4008,26,-1,1.0
4009,21,-1,3.0
4010,42,-1,2.0
4011,40,-1,2.0
4012,27,-1,4.0
4013,37,-1,2.0
4015,35,-1,3.0
4016,28,-1,1.0
4017,27,-1,2.0
4018,81,-1,1.0
4019,25,-1,2.0
4020,72,1,2.0
4021,33,-1,5.0
4022,40,-1,2.0
4023,52,-1,1.0
4024,23,-1,4.0
4025,48,0,4.0
4026,31,-1,4.0
4027,35,-1,1.0
4028,63,-1,1.0
4031,37,0,2.0
4032,67,-1,3.0
4033,37,-1,1.0
4034,22,-1,4.0
4035,46,-1,3.0
4036,41,0,2.0
4037,59,-1,2.0
4039,84,-1,3.0
4041,50,-1,3.0
4043,74,1,2.0
4044,48,-1,3.0
4045,47,0,4.0
4046,45,1,5.0
4048,53,1,4.0
4049,29,-1,1.0
4050,19,-1,3.0
4051,50,-1,5.0
4052,42,-1,1.0
4053,29,-1,4.0
4055,18,-1,4.0
4056,46,0,3.0
4058,72,0,2.0
4059,66,1,2.0
4061,41,-1,2.0
4062,82,1,3.0
4063,43,0,2.0
4064,53,-1,1.0
4065,29,-1,3.0
4066,53,0,3.0
4067,87,1,2.0
4068,62,0,4.0
4069,43,1,3.0
4070,36,-1,2.0
4071,30,-1,3.0
4072,37,-1,1.0
4073,59,0,4.0
4074,35,1,5.0
4075,39,0,3.0
4076,19,-1,5.0
4078,40,0,2.0
4080,43,1,4.0
4081,43,-1,2.0
4082,29,0,2.0
4083,27,-1,2.0
4084,23,-1,3.0
4085,42,1,4.0
4086,65,-1,3.0
4087,57,0,5.0
4088,46,0,2.0
4089,30,-1,3.0
4090,51,0,4.0
4091,39,-1,2.0
4092,41,-1,1.0
4093,29,-1,4.0
4094,76,-1,2.0
4096,23,-1,4.0
4097,33,1,2.0
4098,43,-1,2.0
4099,35,0,4.0
4100,32,-1,2.0
4101,65,-1,1.0
4102,49,-1,2.0
4103,48,-1,4.0
4104,39,0,2.0
4105,27,-1,3.0
4107,76,-1,1.0
4108,35,0,2.0
4109,35,-1,4.0
4110,48,-1,1.0
4111,23,-1,3.0
4112,42,-1,1.0
4113,41,1,3.0
4115,36,0,2.0
4116,60,-1,2.0
4117,46,0,3.0
4119,20,-1,4.0
4120,31,-1,4.0
4121,26,-1,2.0
4122,28,-1,2.0
4123,18,-1,6.0
4124,30,-1,6.0
4125,39,-1,1.0
4126,74,0,2.0
4127,52,-1,1.0
4130,55,1,2.0
4131,31,-1,4.0
4132,41,-1,4.0
4133,59,0,4.0
4134,39,1,2.0
4136,79,-1,3.0
4138,26,-1,1.0
4139,88,1,2.0
4140,66,0,3.0
4142,26,-1,5.0
4143,41,-1,1.0
4144,36,1,3.0
4145,38,-1,1.0
4146,81,-1,1.0
4147,25,-1,3.0
4149,32,-1,5.0
4150,28,-1,1.0
4151,29,-1,4.0
4152,28,-1,4.0
4153,26,-1,5.0
4154,47,0,4.0
4155,50,-1,2.0
4156,70,-1,2.0
4158,39,-1,1.0
4159,60,0,2.0
4160,63,0,3.0
4161,68,-1,2.0
4162,47,-1,1.0
4163,40,-1,2.0
4164,46,1,3.0
4165,42,-1,3.0
4166,48,0,5.0
4167,53,-1,3.0
4168,65,0,2.0
4169,26,-1,4.0
4170,35,-1,1.0
4171,27,-1,4.0
4172,86,1,2.0
4173,30,-1,4.0
4174,43,-1,3.0
4175,38,-1,1.0
4176,66,1,2.0
4177,74,-1,2.0
4179,89,-1,1.0
4180,30,-1,4.0
4181,33,1,5.0
4182,37,1,3.0
4183,69,1,2.0
4184,51,0,2.0
4185,19,-1,3.0
4186,45,0,2.0
4187,32,-1,5.0
4188,22,-1,4.0
4189,26,-1,6.0
4190,43,1,3.0
4191,19,-1,2.0
4192,48,0,3.0
4193,61,0,2.0
4194,20,-1,2.0
4195,22,-1,4.0
4196,31,-1,3.0
4197,25,-1,3.0
4198,41,-1,3.0
4199,36,1,3.0
4200,48,1,5.0
4201,27,-1,1.0
4202,35,-1,1.0
4203,39,0,3.0
4204,38,0,3.0
4205,57,0,3.0
4206,38,-1,1.0
4207,80,-1,2.0
4209,61,0,2.0
4210,29,-1,4.0
4211,23,-1,4.0
4212,83,-1,1.0
4213,37,0,3.0
4214,35,-1,6.0
4215,41,0,2.0
4217,81,-1,1.0
4218,58,-1,1.0
4219,38,-1,1.0
4220,18,-1,2.0
4221,37,-1,4.0
4222,43,0,2.0
4223,36,-1,1.0
4224,76,1,2.0
4225,33,-1,1.0
4226,43,1,5.0
4227,47,1,7.0
4228,81,-1,2.0
4229,27,-1,3.0
4230,29,-1,5.0
4231,38,-1,3.0
4233,37,0,5.0
4234,47,-1,1.0
4236,51,0,5.0
4237,86,1,2.0
4238,56,0,2.0
4239,59,0,2.0
4240,33,0,2.0
4243,32,-1,6.0
4244,26,-1,2.0
4246,70,-1,2.0
4247,30,1,4.0
4248,37,1,6.0
4249,30,-1,9.0
4250,23,-1,3.0
4251,42,-1,2.0
4252,48,1,4.0
4253,28,-1,7.0
4254,65,0,2.0
4255,28,-1,5.0
4257,18,-1,4.0
4258,35,0,2.0
4259,27,-1,1.0
4260,68,-1,3.0
4261,52,0,6.0
4262,20,-1,5.0
4263,35,-1,3.0
4264,21,-1,4.0
4265,42,-1,3.0
4266,50,0,2.0
4268,32,-1,6.0
4269,19,-1,5.0
4270,22,-1,4.0
4271,27,-1,3.0
4272,22,-1,4.0
4273,55,0,3.0
4274,22,-1,1.0
4276,46,-1,1.0
4277,65,-1,3.0
4278,18,-1,4.0
4279,53,0,4.0
4281,59,-1,5.0
4282,32,-1,3.0
4283,39,0,3.0
4284,88,-1,1.0
4285,61,1,3.0
4286,21,-1,4.0
4287,31,-1,4.0
4288,58,0,4.0
4289,27,-1,3.0
4290,51,0,2.0
4291,48,1,4.0
4292,25,-1,3.0
4293,89,1,2.0
4295,40,-1,1.0
4296,56,-1,1.0
4297,36,1,3.0
4298,38,-1,5.0
4299,47,-1,4.0
4300,61,0,4.0
4301,89,1,2.0
4302,55,-1,1.0
4304,43,0,2.0
4305,28,-1,3.0
4306,42,0,4.0
4309,59,-1,1.0
4312,43,-1,2.0
4313,42,-1,3.0
4314,29,0,2.0
4316,21,-1,7.0
4317,41,-1,2.0
4318,48,0,3.0
4319,31,-1,4.0
4320,26,-1,3.0
4321,18,-1,5.0
4323,42,1,3.0
4324,52,0,5.0
4325,50,0,2.0
4328,71,1,3.0
4329,59,0,2.0
4330,85,1,2.0
4331,29,1,3.0
4332,43,0,5.0
4333,52,-1,1.0
4335,59,-1,4.0
4336,23,-1,3.0
4337,39,-1,1.0
4338,39,0,2.0
4339,46,-1,2.0
4340,33,-1,4.0
4341,53,1,4.0
4343,62,-1,1.0
4344,46,0,5.0
4345,40,0,2.0
4346,62,-1,4.0
4348,25,-1,3.0
4350,22,-1,6.0
4351,47,1,6.0
4352,68,1,2.0
4353,25,-1,2.0
4355,27,-1,6.0
4356,38,0,3.0
4358,46,-1,5.0
4359,37,-1,2.0
4360,41,0,2.0
4361,29,-1,1.0
4362,19,-1,5.0
4363,82,1,2.0
4364,48,-1,1.0
4365,67,1,2.0
4366,77,1,2.0
4370,61,-1,1.0
4371,46,0,5.0
4373,39,0,3.0
4374,89,1,3.0
4377,47,0,2.0
4378,22,-1,3.0
4379,42,-1,3.0
4380,69,1,2.0
4381,30,-1,5.0
4382,39,1,7.0
4383,27,-1,1.0
4384,30,0,3.0
4385,47,1,4.0
4386,81,1,2.0
4387,42,0,3.0
4388,43,-1,1.0
4389,31,-1,5.0
4390,39,0,3.0
4391,57,0,4.0
4394,31,-1,3.0
4395,28,-1,6.0
4396,58,0,2.0
4397,71,1,2.0
4398,36,0,2.0
4399,43,-1,3.0
4400,69,-1,2.0
4401,77,-1,1.0
4402,50,0,4.0
4403,50,0,4.0
4404,40,-1,2.0
4405,43,0,2.0
4408,65,1,3.0
4409,46,0,4.0
4410,35,0,4.0
4411,86,1,2.0
4412,63,-1,1.0
4413,40,0,5.0
4414,55,-1,1.0
4415,37,-1,4.0
4416,31,-1,1.0
4417,28,-1,4.0
4418,48,1,3.0
4420,57,0,5.0
4423,81,-1,1.0
4424,21,-1,8.0
4425,33,-1,2.0
4426,38,-1,2.0
4428,33,-1,1.0
4429,38,0,2.0
4430,39,0,4.0
4431,59,1,2.0
4433,80,-1,1.0
4434,42,-1,3.0
4435,75,-1,1.0
4436,29,-1,2.0
4437,33,-1,2.0
4438,63,-1,2.0
4439,33,-1,6.0
4440,22,-1,4.0
4441,36,0,2.0
4442,53,0,3.0
4443,35,-1,5.0
4444,29,0,2.0
4445,31,-1,1.0
4446,38,-1,4.0
4447,22,-1,8.0
4448,57,0,3.0
4449,42,0,6.0
4451,77,1,2.0
4452,79,1,2.0
4453,53,1,4.0
4454,42,-1,2.0
4455,72,-1,2.0
4456,71,0,2.0
4457,25,-1,1.0
4459,61,-1,3.0
4460,48,0,3.0
4461,28,-1,4.0
4462,43,0,2.0
4464,82,1,2.0
4465,40,-1,1.0
4466,32,-1,3.0
4469,21,-1,2.0
4470,28,-1,2.0
4471,43,0,3.0
4472,38,0,5.0
4473,63,0,4.0
4474,25,0,2.0
4475,41,0,3.0
4477,37,0,3.0
4478,57,-1,1.0
4479,86,-1,1.0
4480,56,1,8.0
4481,27,-1,1.0
4482,70,1,2.0
4483,22,-1,4.0
4484,35,1,2.0
4485,31,-1,2.0
4486,40,0,4.0
4487,43,-1,2.0
4488,38,-1,2.0
4490,28,-1,4.0
4492,48,-1,1.0
4493,41,0,2.0
4494,29,-1,3.0
4495,45,0,3.0
4497,41,-1,2.0
4498,28,1,3.0
4500,69,1,2.0
4501,53,0,3.0
4503,81,1,2.0
4504,48,0,5.0
4505,45,0,2.0
4507,57,1,3.0
4509,27,-1,3.0
4510,27,-1,3.0
4511,30,1,2.0
4512,21,-1,4.0
4513,38,-1,2.0
4514,57,1,3.0
4515,78,1,2.0
4516,46,0,3.0
4517,75,1,2.0
4520,52,-1,1.0
4521,25,-1,3.0
4523,31,-1,2.0
4524,18,-1,4.0
4526,59,1,5.0
4527,39,0,2.0
4529,25,-1,1.0
4530,47,-1,1.0
4531,32,-1,2.0
4532,38,0,2.0
4533,52,0,4.0
4534,21,-1,6.0
4535,70,-1,1.0
4536,31,-1,4.0
4537,23,-1,4.0
4538,33,-1,3.0
4540,77,1,2.0
4541,42,-1,2.0
4542,73,0,3.0
4543,40,0,6.0
4544,33,-1,3.0
4545,18,-1,3.0
4550,59,-1,2.0
4551,32,-1,4.0
4553,46,-1,1.0
4554,53,-1,3.0
4555,41,0,3.0
4556,21,-1,3.0
4557,62,1,2.0
4559,58,-1,1.0
4560,36,-1,1.0
4561,28,-1,2.0
4562,47,0,4.0
4566,46,1,4.0
4567,49,0,2.0
4568,33,-1,5.0
4569,49,0,2.0
4570,25,-1,4.0
4571,80,-1,1.0
4572,36,-1,4.0
4573,26,-1,1.0
4574,45,-1,1.0
4576,69,-1,2.0
4577,53,0,4.0
4578,41,1,2.0
4579,43,-1,4.0
4580,51,0,2.0
4581,45,0,6.0
4582,50,1,3.0
4583,57,0,4.0
4584,70,1,2.0
4585,59,-1,3.0
4587,30,-1,5.0
4589,40,-1,1.0
4590,74,-1,1.0
4591,33,-1,3.0
4592,63,-1,1.0
4594,60,0,3.0
4596,31,-1,4.0
4597,28,0,2.0
4598,37,0,2.0
4599,70,1,2.0
4600,78,-1,2.0
4602,38,-1,8.0
4603,19,-1,3.0
4604,28,-1,1.0
4605,73,-1,3.0
4606,84,1,2.0
4607,21,-1,4.0
4608,79,1,2.0
4611,42,0,3.0
4612,55,-1,4.0
4613,41,-1,2.0
4615,72,1,4.0
4618,56,-1,2.0
4620,83,-1,7.0
4622,47,0,2.0
4623,47,0,2.0
4624,83,1,2.0
4625,38,-1,1.0
4626,29,-1,3.0
4627,50,0,4.0
4628,52,0,4.0
4630,33,-1,8.0
4631,36,1,6.0
4632,65,0,4.0
4633,25,-1,9.0
4634,27,-1,4.0
4635,22,-1,4.0
4636,51,0,3.0
4637,42,-1,1.0
4639,23,-1,3.0
4640,80,1,2.0
4641,40,-1,6.0
4642,48,0,2.0
4643,55,-1,1.0
4644,36,-1,3.0
4645,41,0,2.0
4646,32,-1,3.0
4647,37,0,2.0
4648,30,-1,2.0
4649,79,-1,1.0
4650,65,0,4.0
4651,49,1,4.0
4652,53,0,4.0
4653,20,-1,5.0
4654,78,1,2.0
4655,32,-1,5.0
4656,23,-1,2.0
4657,40,0,2.0
4658,30,-1,3.0
4659,45,-1,4.0
4660,25,0,2.0
4661,20,-1,4.0
4663,27,-1,3.0
4664,19,-1,3.0
4666,26,-1,4.0
4667,55,0,2.0
4668,41,0,3.0
4669,25,-1,4.0
4670,67,0,2.0
4672,87,-1,1.0
4673,26,-1,6.0
4674,37,-1,1.0
4675,42,-1,1.0
4676,31,-1,4.0
4677,20,-1,3.0
4679,88,-1,1.0
4680,33,-1,4.0
4681,55,-1,1.0
4682,22,-1,3.0
4683,39,-1,3.0
4684,62,-1,3.0
4685,37,0,3.0
4686,26,-1,1.0
4687,27,-1,2.0
4688,29,-1,4.0
4689,31,-1,1.0
4690,40,0,5.0
4691,56,-1,2.0
4692,45,1,5.0
4693,40,-1,1.0
4694,30,-1,3.0
4695,23,-1,4.0
4696,46,-1,2.0
4697,39,1,2.0
4698,65,1,9.0
4699,40,-1,1.0
4701,18,-1,4.0
4702,73,1,2.0
4704,50,0,3.0
4705,38,0,3.0
4706,18,-1,5.0
4708,19,-1,4.0
4710,26,-1,2.0
4711,58,-1,2.0
4712,28,-1,2.0
4713,53,0,2.0
4714,18,-1,2.0
4715,49,0,4.0
4716,19,-1,3.0
4717,20,-1,4.0
4718,55,-1,2.0
4719,32,-1,3.0
4720,27,-1,4.0
4721,72,1,5.0
4722,59,-1,1.0
4723,35,-1,3.0
4724,32,-1,1.0
4725,28,1,2.0
4726,19,-1,2.0
4727,52,1,1.0
4728,29,-1,3.0
4729,51,0,4.0
4730,27,-1,5.0
4731,47,-1,1.0
4732,61,-1,1.0
4733,75,1,2.0
4734,19,-1,1.0
4735,48,0,2.0
4736,59,0,2.0
4737,42,-1,1.0
4738,86,-1,1.0
4739,33,-1,4.0
4741,49,1,5.0
4745,23,-1,5.0
4746,35,-1,3.0
4747,37,0,2.0
4748,43,-1,2.0
4749,50,-1,2.0
4750,50,-1,1.0
4752,20,-1,3.0
4753,31,0,2.0
4754,31,-1,3.0
4755,41,0,5.0
4756,84,-1,1.0
4759,23,-1,4.0
4760,69,-1,1.0
4761,68,-1,2.0
4762,30,-1,4.0
4763,26,-1,1.0
4766,36,-1,1.0
4767,18,-1,5.0
4768,30,-1,4.0
4769,46,-1,1.0
4771,19,-1,5.0
4772,33,-1,4.0
4773,65,-1,1.0
4774,26,0,2.0
4775,30,-1,1.0
4776,33,-1,4.0
4777,27,0,4.0
4778,65,0,2.0
4779,77,-1,2.0
4780,20,-1,4.0
4781,27,-1,7.0
4783,51,0,4.0
4784,18,-1,4.0
4785,63,-1,1.0
4786,36,0,3.0
4787,43,1,4.0
4788,46,1,4.0
4789,51,-1,3.0
4790,43,-1,1.0
4791,43,0,2.0
4792,37,-1,1.0
4793,63,0,5.0
4795,37,0,2.0
4796,53,0,3.0
4797,26,1,7.0
4798,40,0,2.0
4799,41,0,4.0
4800,66,-1,1.0
4802,37,0,5.0
4803,42,1,4.0
4804,38,-1,2.0
4805,53,-1,1.0
4806,33,-1,2.0
4809,19,-1,3.0
4811,50,0,8.0
4812,26,-1,2.0
4813,20,-1,3.0
4814,53,1,4.0
4815,41,0,2.0
4816,48,1,3.0
4817,56,1,4.0
4818,66,-1,1.0
4819,35,0,4.0
4820,50,-1,2.0
4821,51,-1,2.0
4822,30,-1,3.0
4823,30,-1,4.0
4824,50,-1,1.0
4826,19,-1,5.0
4827,22,-1,2.0
4828,35,-1,1.0
4829,47,-1,4.0
4830,32,-1,4.0
4831,33,1,2.0
4833,28,-1,4.0
4835,50,1,6.0
4837,53,-1,1.0
4838,49,-1,2.0
4839,72,-1,1.0
4840,60,1,3.0
4841,48,-1,1.0
4842,32,-1,4.0
4843,48,-1,2.0
4844,33,-1,1.0
4845,26,-1,2.0
4846,38,0,4.0
4847,56,-1,1.0
4849,43,1,4.0
4850,51,0,2.0
4851,47,0,2.0
4852,28,-1,3.0
4853,20,-1,2.0
4854,38,-1,3.0
4855,57,1,3.0
4856,28,0,2.0
4857,39,-1,1.0
4858,89,1,2.0
4859,81,0,2.0
4860,33,-1,4.0
4861,32,0,2.0
4863,41,0,3.0
4864,43,0,2.0
4865,68,0,2.0
4866,58,-1,2.0
4867,51,0,5.0
4868,47,-1,2.0
4869,55,0,3.0
4870,39,-1,1.0
4871,33,-1,5.0
4872,62,-1,1.0
4873,51,1,4.0
4874,29,-1,3.0
4875,48,-1,1.0
4876,41,-1,7.0
4877,42,-1,1.0
4878,20,-1,3.0
4879,60,0,4.0
4880,72,1,2.0
4881,25,-1,1.0
4882,57,0,4.0
4883,40,0,4.0
4884,35,-1,2.0
4885,31,-1,2.0
4886,78,-1,1.0
4887,41,-1,1.0
4888,57,0,3.0
4889,41,-1,3.0
4890,49,-1,2.0
4891,40,-1,2.0
4892,89,-1,2.0
4893,61,1,2.0
4894,38,0,3.0
4895,58,0,3.0
4896,46,0,2.0
4898,39,0,2.0
4899,58,0,4.0
4900,38,0,2.0
4901,28,0,2.0
4902,35,1,4.0
4903,70,1,2.0
4904,30,1,4.0
4908,63,0,4.0
4910,27,1,3.0
4911,43,-1,1.0
4912,69,1,4.0
4914,72,-1,1.0
4916,26,-1,3.0
4917,53,-1,1.0
4918,49,0,4.0
4919,28,-1,5.0
4920,52,1,4.0
4922,38,1,5.0
4923,27,0,2.0
4924,18,-1,4.0
4925,59,-1,3.0
4926,22,-1,3.0
4927,32,-1,4.0
4928,35,-1,2.0
4929,51,0,4.0
4930,22,-1,6.0
4933,32,-1,3.0
4936,36,0,2.0
4937,32,-1,3.0
4938,18,-1,4.0
4939,31,-1,3.0
4940,53,1,7.0
4941,42,-1,3.0
4943,30,-1,3.0
4944,19,-1,4.0
4946,46,-1,2.0
4947,51,-1,2.0
4948,32,-1,9.0
4950,46,-1,1.0
4951,45,-1,1.0
4952,50,0,3.0
4953,36,-1,3.0
4954,40,-1,1.0
4956,43,1,9.0
4957,19,-1,5.0
4958,42,0,2.0
4959,29,-1,1.0
4960,37,0,2.0
4961,38,-1,1.0
4962,79,-1,1.0
4963,25,-1,7.0
4964,29,-1,5.0
4965,33,-1,1.0
4967,26,-1,4.0
4968,38,0,2.0
4970,60,-1,3.0
4971,33,-1,7.0
4972,71,-1,1.0
4974,60,0,2.0
4975,31,0,2.0
4976,26,-1,1.0
4977,42,-1,1.0
4978,35,-1,1.0
4979,20,-1,3.0
4980,25,-1,5.0
4981,23,-1,2.0
4982,53,0,5.0
4984,35,-1,1.0
4985,60,1,3.0
4986,86,-1,1.0
4988,18,-1,2.0
4989,38,1,4.0
4990,39,-1,2.0
4991,45,-1,1.0
4992,28,-1,4.0
4993,65,1,2.0
4994,41,-1,1.0
4995,48,0,3.0
4996,52,1,4.0
4999,30,-1,4.0
5000,77,-1,1.0
5001,37,-1,1.0
5002,65,-1,5.0
5003,61,0,2.0
5004,32,-1,5.0
5005,49,-1,3.0
5006,19,-1,4.0
5007,50,0,3.0
5008,31,-1,5.0
5009,45,0,2.0
5010,82,1,2.0
5012,39,1,3.0
5013,20,-1,5.0
5014,85,-1,5.0
5015,49,-1,2.0
5016,76,1,2.0
5017,37,1,4.0
5018,62,0,3.0
5019,23,-1,6.0
5020,33,-1,1.0
5021,53,-1,3.0
5023,28,0,2.0
5024,87,-1,2.0
5025,45,0,2.0
5026,21,-1,4.0
5027,51,-1,1.0
5028,37,0,4.0
5030,49,0,4.0
5031,66,-1,3.0
5032,42,-1,2.0
5033,45,0,3.0
5035,47,-1,1.0
5036,38,-1,3.0
5038,51,0,2.0
5039,32,0,2.0
5041,45,-1,1.0
5042,32,-1,4.0
5044,59,-1,1.0
5046,62,0,3.0
5047,67,-1,2.0
5048,73,-1,1.0
5049,85,-1,1.0
5050,40,-1,1.0
5052,41,0,2.0
5053,46,-1,3.0
5055,38,0,3.0
5056,55,0,4.0
5057,43,-1,2.0
5058,48,1,4.0
5059,88,1,3.0
5060,66,1,2.0
5061,73,-1,2.0
5062,49,0,2.0
5063,48,-1,2.0
5064,39,0,4.0
5065,52,0,2.0
5066,30,-1,1.0
5067,61,0,2.0
5068,33,-1,7.0
5069,68,-1,1.0
5070,48,0,2.0
5071,39,1,3.0
5072,36,0,2.0
5073,76,1,2.0
5074,69,-1,2.0
5075,79,-1,1.0
5076,39,1,3.0
5079,23,-1,5.0
5080,71,-1,2.0
5081,48,0,3.0
5082,37,-1,3.0
5083,46,-1,2.0
5085,25,-1,7.0
5086,26,-1,4.0
5087,23,-1,3.0
5089,84,-1,1.0
5090,57,-1,1.0
5091,39,0,4.0
5092,71,-1,2.0
5093,48,-1,3.0
5094,39,0,3.0
5095,60,1,4.0
5096,43,-1,1.0
5097,46,1,3.0
5099,62,-1,1.0
5100,57,-1,1.0
5101,29,-1,4.0
5103,60,0,4.0
5104,58,-1,1.0
5105,52,0,4.0
5106,30,-1,3.0
5107,52,0,3.0
5108,31,0,2.0
5110,62,0,4.0
5111,38,1,4.0
5112,60,1,3.0
5113,47,0,6.0
5114,53,-1,1.0
5115,71,-1,1.0
5116,45,1,3.0
5118,58,-1,1.0
5119,38,0,3.0
5122,49,0,4.0
5126,70,-1,1.0
5127,52,1,2.0
5128,75,-1,1.0
5129,48,0,2.0
5130,51,-1,3.0
5131,62,-1,1.0
5132,43,-1,6.0
5134,32,-1,3.0
5135,43,-1,2.0
5136,35,-1,4.0
5137,68,-1,1.0
5139,36,0,3.0
5140,47,0,4.0
5141,37,1,2.0
5142,20,-1,4.0
5143,40,-1,1.0
5144,40,0,2.0
5145,26,-1,2.0
5146,56,0,2.0
5147,35,1,2.0
5148,56,0,3.0
5149,47,-1,2.0
5150,88,1,2.0
5151,31,-1,5.0
5152,50,0,2.0
5153,43,0,3.0
5155,18,-1,3.0
5157,88,-1,1.0
5158,45,-1,3.0
5159,28,-1,1.0
5160,57,-1,1.0
5162,85,1,2.0
5163,35,-1,1.0
5164,40,-1,3.0
5165,38,-1,1.0
5166,18,-1,3.0
5167,31,-1,1.0
5168,48,0,3.0
5170,31,-1,2.0
5171,46,0,4.0
5172,31,-1,2.0
5173,31,-1,4.0
5174,32,-1,1.0
5175,81,-1,1.0
5176,66,1,2.0
5177,22,-1,2.0
5178,51,-1,2.0
5180,33,-1,6.0
5181,29,-1,1.0
5182,41,1,2.0
5183,18,-1,4.0
5184,48,-1,1.0
5185,78,1,2.0
5187,46,0,2.0
5188,53,-1,2.0
5190,47,-1,1.0
5191,40,-1,1.0
5192,27,-1,4.0
5195,31,1,4.0
5197,47,-1,2.0
5198,43,-1,1.0
5199,81,-1,1.0
5200,62,1,4.0
5201,51,0,2.0
5203,42,-1,1.0
5204,33,-1,4.0
5205,59,0,2.0
5206,36,1,2.0
5207,55,1,3.0
5208,59,-1,2.0
5209,39,-1,3.0
5210,39,-1,4.0
5212,32,-1,1.0
5213,35,1,4.0
5214,40,0,4.0
5215,60,-1,3.0
5216,37,-1,4.0
5218,35,0,2.0
5219,27,-1,1.0
5220,28,-1,4.0
5221,85,1,2.0
5223,78,-1,2.0
5224,51,1,2.0
5225,33,-1,5.0
5226,29,-1,2.0
5227,29,-1,3.0
5228,73,1,2.0
5230,33,-1,5.0
5231,23,-1,3.0
5232,56,1,1.0
5233,65,0,3.0
5234,41,0,2.0
5235,58,0,2.0
5236,48,0,2.0
5237,36,-1,5.0
5238,36,-1,1.0
5239,23,-1,3.0
5240,68,0,3.0
5241,27,-1,2.0
5242,42,0,2.0
5243,29,-1,2.0
5244,31,-1,3.0
5245,45,-1,1.0
5247,42,-1,1.0
5248,55,-1,1.0
5249,43,-1,2.0
5250,30,-1,1.0
5251,32,-1,1.0
5252,27,-1,5.0
5253,33,-1,1.0
5255,31,-1,4.0
5256,31,1,3.0
5257,36,-1,2.0
5258,70,-1,1.0
5260,52,-1,3.0
5261,28,-1,3.0
5262,42,-1,5.0
5263,52,0,4.0
5264,29,-1,3.0
5265,61,0,4.0
5268,39,1,3.0
5269,74,1,2.0
5270,47,0,2.0
5271,38,-1,1.0
5272,40,-1,1.0
5273,48,-1,2.0
5274,40,-1,2.0
5276,63,-1,1.0
5277,58,1,3.0
5278,51,1,3.0
5279,38,-1,2.0
5280,26,-1,8.0
5281,60,0,3.0
5282,51,-1,3.0
5284,25,-1,1.0
5285,43,-1,2.0
5286,73,-1,2.0
5288,66,1,2.0
5289,53,0,2.0
5290,21,-1,4.0
5291,45,1,4.0
5293,35,-1,4.0
5294,40,1,4.0
5296,40,-1,1.0
5297,50,-1,1.0
5298,43,0,5.0
5299,49,-1,4.0
5300,37,-1,2.0
5301,40,0,2.0
5302,41,-1,1.0
5304,25,-1,4.0
5305,32,-1,2.0
5306,39,-1,6.0
5307,38,0,3.0
5308,25,-1,4.0
5309,61,-1,1.0
5310,31,-1,1.0
5311,72,-1,1.0
5312,60,1,2.0
5313,26,-1,1.0
5314,51,1,5.0
5317,55,-1,1.0
5318,39,1,2.0
5319,42,-1,1.0
5320,60,0,6.0
5321,36,-1,1.0
5322,25,0,2.0
5323,25,-1,3.0
5324,29,-1,5.0
5325,27,-1,5.0
5326,52,-1,1.0
5328,41,1,4.0
5329,31,-1,2.0
5330,45,0,4.0
5331,32,-1,4.0
5332,55,0,3.0
5333,28,-1,3.0
5334,70,1,2.0
5335,82,-1,1.0
5336,26,-1,7.0
5337,22,-1,4.0
5339,48,-1,1.0
5340,48,-1,2.0
5341,32,-1,4.0
5342,29,-1,5.0
5343,35,-1,3.0
5344,39,0,4.0
5345,26,-1,2.0
5346,20,-1,4.0
5347,35,-1,1.0
5348,18,-1,3.0
5349,56,1,2.0
5351,37,-1,1.0
5353,23,-1,4.0
5354,52,-1,1.0
5355,45,0,7.0
5356,20,-1,4.0
5357,20,-1,6.0
5358,61,0,7.0
5359,23,-1,4.0
5361,25,-1,2.0
5362,21,-1,6.0
5363,59,0,6.0
5364,37,-1,3.0
5365,72,1,2.0
5366,50,-1,1.0
5368,20,-1,8.0
5369,32,0,4.0
5370,36,-1,2.0
5371,29,0,2.0
5374,66,-1,1.0
5377,39,-1,2.0
5378,60,-1,2.0
5379,70,0,2.0
5380,18,-1,3.0
5381,33,-1,2.0
5382,53,-1,2.0
5383,27,0,3.0
5385,27,-1,3.0
5386,37,0,2.0
5387,42,0,4.0
5388,32,-1,7.0
5389,28,-1,1.0
5390,31,-1,4.0
5392,35,-1,1.0
5394,33,0,2.0
5395,40,-1,1.0
5396,25,1,2.0
5397,67,0,2.0
5399,62,1,2.0
5400,21,-1,2.0
5403,27,-1,3.0
5404,36,0,4.0
5405,53,0,4.0
5406,30,-1,5.0
5407,53,0,3.0
5408,33,-1,3.0
5410,53,-1,3.0
5411,29,-1,4.0
5412,28,-1,8.0
5413,47,-1,1.0
5415,35,-1,4.0
5416,87,-1,1.0
5417,56,0,4.0
5418,26,-1,9.0
5419,75,1,3.0
5421,66,1,3.0
5422,55,0,2.0
5424,39,0,3.0
5425,61,1,2.0
5426,40,-1,4.0
5427,43,1,3.0
5428,57,-1,1.0
5429,37,-1,2.0
5430,41,0,2.0
5432,68,0,2.0
5433,43,1,4.0
5434,21,-1,5.0
5435,38,0,4.0
5436,62,0,5.0
5438,32,-1,3.0
5439,18,-1,5.0
5440,35,-1,1.0
5441,28,-1,4.0
5442,25,0,4.0
5444,29,-1,4.0
5446,40,-1,3.0
5448,18,-1,3.0
5449,39,-1,3.0
5450,49,0,6.0
5452,33,-1,1.0
5453,38,-1,1.0
5454,85,-1,1.0
5455,51,0,3.0
5456,26,-1,3.0
5457,35,0,3.0
5458,33,-1,3.0
5459,41,-1,1.0
5460,41,0,3.0
5461,77,-1,1.0
5462,41,-1,2.0
5463,46,-1,3.0
5464,63,-1,1.0
5465,37,1,2.0
5468,28,-1,2.0
5470,28,-1,2.0
5471,48,-1,1.0
5473,36,-1,1.0
5474,50,-1,3.0
5475,32,-1,3.0
5476,55,1,4.0
5477,43,-1,1.0
5479,32,-1,2.0
5480,82,1,2.0
5483,55,0,5.0
5486,33,-1,4.0
5488,58,0,2.0
5489,32,-1,3.0
5490,48,1,5.0
5491,62,0,2.0
5492,39,0,2.0
5494,47,-1,1.0
5495,35,0,3.0
5496,78,1,5.0
5497,42,-1,4.0
5498,37,-1,1.0
5499,43,-1,1.0
5500,48,0,3.0
5501,22,-1,5.0
5502,31,-1,5.0
5503,51,-1,1.0
5505,58,1,2.0
5506,50,0,4.0
5507,71,1,2.0
5509,49,1,5.0
5510,53,0,2.0
5511,31,-1,1.0
5512,21,-1,7.0
5513,61,1,2.0
5514,35,-1,2.0
5515,47,-1,2.0
5517,38,0,3.0
5518,39,-1,1.0
5519,55,-1,2.0
5520,19,-1,3.0
5522,76,1,2.0
5524,51,-1,2.0
5525,39,-1,2.0
5526,22,-1,3.0
5529,30,0,2.0
5530,35,1,7.0
5531,35,-1,2.0
5533,35,0,2.0
5534,36,0,2.0
5535,18,-1,5.0
5536,75,1,2.0
5537,46,-1,1.0
5538,68,-1,2.0
5539,67,0,2.0
5540,50,0,4.0
5541,32,-1,4.0
5542,21,-1,5.0
5543,48,1,4.0
5544,37,0,2.0
5545,41,-1,2.0
5546,63,1,5.0
5547,42,-1,1.0
5548,49,1,5.0
5549,23,-1,4.0
5550,31,-1,3.0
5551,45,-1,1.0
5552,21,-1,3.0
5553,55,-1,4.0
5554,26,-1,2.0
5556,27,-1,3.0
5557,41,-1,4.0
5559,28,-1,2.0
5560,47,0,3.0
5562,72,1,2.0
5563,23,-1,4.0
5564,48,-1,3.0
5565,33,0,3.0
5567,72,1,2.0
5568,66,-1,2.0
5569,33,-1,4.0
5570,70,1,2.0
5571,35,-1,1.0
5572,38,-1,1.0
5573,51,0,4.0
5574,67,0,2.0
5575,46,-1,2.0
5576,47,-1,1.0
5577,55,-1,1.0
5578,51,1,2.0
5579,47,-1,1.0
5580,31,-1,1.0
5581,30,-1,9.0
5582,26,-1,4.0
5583,60,1,4.0
5585,19,-1,3.0
5586,60,0,3.0
5587,25,-1,3.0
5590,36,0,2.0
5591,52,0,5.0
5592,83,1,2.0
5593,56,1,5.0
5594,47,0,4.0
5595,40,0,2.0
5596,67,1,2.0
5597,41,-1,2.0
5598,40,-1,4.0
5599,29,-1,3.0
5600,41,-1,1.0
5601,50,1,4.0
5603,33,-1,4.0
5604,48,-1,4.0
5605,37,-1,1.0
5606,37,0,2.0
5607,36,0,3.0
5608,63,-1,1.0
5609,22,-1,4.0
5610,41,0,3.0
5611,42,-1,1.0
5612,26,-1,5.0
5613,35,-1,3.0
5616,61,0,2.0
5617,18,-1,3.0
5618,50,1,6.0
5619,51,-1,1.0
5621,65,1,2.0
5622,26,-1,3.0
5623,50,0,2.0
5626,75,1,2.0
5627,52,-1,1.0
5628,31,-1,3.0
5630,33,-1,3.0
5631,57,0,4.0
5632,67,1,2.0
5633,30,-1,4.0
5635,23,-1,4.0
5636,62,0,2.0
5637,70,0,2.0
5638,38,0,4.0
5639,32,-1,6.0
5642,28,-1,5.0
5643,42,0,3.0
5645,26,-1,4.0
5647,30,-1,3.0
5648,30,-1,2.0
5649,19,-1,4.0
5650,31,0,2.0
5651,88,1,2.0
5652,40,-1,3.0
5653,21,-1,2.0
5654,38,-1,1.0
5655,36,-1,1.0
5656,47,-1,1.0
5657,30,-1,4.0
5658,35,-1,2.0
5659,58,0,3.0
5660,52,1,5.0
5661,46,1,4.0
5663,45,0,5.0
5665,35,0,2.0
5666,71,0,2.0
5667,36,0,5.0
5668,53,-1,1.0
5669,53,-1,3.0
5670,31,-1,1.0
5672,66,-1,2.0
5673,37,-1,2.0
5674,47,1,5.0
5675,66,1,3.0
5676,25,-1,3.0
5678,30,-1,5.0
5679,45,0,4.0
5680,33,-1,8.0
5681,37,0,3.0
5682,35,0,4.0
5684,50,-1,1.0
5686,56,-1,3.0
5687,20,-1,3.0
5688,59,1,2.0
5689,21,-1,4.0
5690,37,0,3.0
5691,68,-1,1.0
5692,33,1,2.0
5693,26,-1,2.0
5694,43,-1,2.0
5696,37,-1,1.0
5698,57,0,4.0
5699,35,0,3.0
5700,33,-1,1.0
5702,60,-1,1.0
5703,52,-1,2.0
5706,35,-1,3.0
5707,18,-1,6.0
5708,77,1,2.0
5709,18,-1,5.0
5710,18,-1,3.0
5711,25,-1,5.0
5712,49,-1,1.0
5713,37,-1,1.0
5714,49,0,2.0
5715,26,0,2.0
5716,45,-1,1.0
5717,42,-1,1.0
5718,48,-1,5.0
5719,23,-1,4.0
5720,52,1,2.0
5721,81,-1,1.0
5722,60,-1,1.0
5723,57,1,2.0
5724,21,-1,4.0
5725,43,-1,4.0
5726,32,0,3.0
5727,50,0,2.0
5728,25,-1,3.0
5729,25,-1,4.0
5730,56,0,4.0
5731,36,-1,2.0
5732,46,-1,1.0
5737,53,-1,2.0
5738,41,-1,2.0
5739,53,0,2.0
5740,79,1,2.0
5741,33,-1,3.0
5742,23,-1,4.0
5743,72,1,2.0
5745,35,1,3.0
5747,28,-1,3.0
5748,36,-1,2.0
5749,38,-1,1.0
5750,43,1,3.0
5751,47,1,4.0
5752,22,-1,3.0
5753,82,1,4.0
5755,87,1,2.0
5756,47,-1,2.0
5757,33,-1,2.0
5758,68,1,2.0
5760,45,1,4.0
5761,49,0,3.0
5762,18,-1,8.0
5763,45,-1,1.0
5764,62,-1,1.0
5765,75,-1,1.0
5766,59,0,4.0
5767,39,0,4.0
5768,39,0,5.0
5769,68,1,2.0
5771,50,1,4.0
5772,47,1,4.0
5775,51,-1,2.0
5776,41,-1,1.0
5777,45,1,4.0
5778,40,0,5.0
5779,27,1,5.0
5781,73,0,2.0
5782,43,0,2.0
5784,55,1,2.0
5785,41,0,2.0
5786,25,-1,2.0
5787,62,-1,1.0
5788,37,-1,2.0
5790,69,-1,1.0
5791,89,0,4.0
5793,28,-1,3.0
5795,38,-1,2.0
5796,18,-1,4.0
5797,81,1,2.0
5798,45,0,4.0
5799,42,1,5.0
5800,36,-1,1.0
5801,30,-1,2.0
5802,33,-1,3.0
5803,37,0,2.0
5804,35,-1,3.0
5805,31,-1,2.0
5806,53,0,4.0
5807,36,-1,1.0
5808,37,-1,2.0
5809,80,-1,1.0
5810,30,0,2.0
5813,32,-1,3.0
5814,49,-1,5.0
5815,67,1,4.0
5816,47,-1,1.0
5817,35,-1,6.0
5818,26,-1,5.0
5819,43,-1,1.0
5821,29,-1,2.0
5824,41,-1,2.0
5825,40,-1,2.0
5828,29,-1,5.0
5829,51,0,5.0
5830,32,-1,1.0
5831,48,-1,1.0
5832,22,-1,3.0
5833,35,0,2.0
5834,51,-1,1.0
5835,46,-1,1.0
5836,27,-1,5.0
5837,56,0,4.0
5838,50,0,4.0
5839,59,-1,3.0
5840,61,-1,1.0
5841,32,-1,1.0
5842,26,-1,5.0
5845,22,-1,4.0
5846,29,-1,3.0
5847,46,-1,3.0
5850,85,-1,1.0
5852,43,1,2.0
5853,18,-1,4.0
5854,87,-1,1.0
5855,40,0,2.0
5856,25,-1,2.0
5858,48,1,3.0
5859,56,0,2.0
5860,32,-1,3.0
5861,38,-1,7.0
5862,31,-1,2.0
5863,36,0,5.0
5864,37,-1,2.0
5865,40,-1,2.0
5866,18,-1,4.0
5867,26,-1,6.0
5869,27,-1,2.0
5870,20,-1,3.0
5871,47,0,4.0
5872,50,0,3.0
5874,49,0,2.0
5875,29,-1,3.0
5876,37,1,3.0
5878,59,0,3.0
5879,21,-1,5.0
5881,29,-1,6.0
5883,38,-1,2.0
5884,37,-1,3.0
5885,60,0,3.0
5886,55,-1,1.0
5887,50,0,2.0
5889,47,-1,2.0
5890,52,0,2.0
5891,42,0,5.0
5892,32,-1,3.0
5894,25,-1,1.0
5895,68,0,2.0
5896,36,0,2.0
5899,62,1,2.0
5900,32,-1,5.0
5902,48,-1,1.0
5903,70,0,2.0
5904,60,1,2.0
5905,45,-1,1.0
5906,48,-1,2.0
5907,76,-1,2.0
5908,53,-1,3.0
5909,83,1,3.0
5910,79,1,2.0
5911,49,-1,1.0
5912,76,1,2.0
5913,37,0,5.0
5915,35,-1,2.0
5916,31,0,2.0
5917,21,-1,5.0
5918,71,-1,2.0
5919,27,-1,4.0
5922,43,0,4.0
5923,46,-1,2.0
5924,88,-1,1.0
5925,29,-1,6.0
5926,27,-1,5.0
5928,48,0,3.0
5929,20,-1,5.0
5930,38,-1,1.0
5932,29,-1,6.0
5933,48,0,4.0
5934,65,-1,1.0
5935,51,0,7.0
5936,21,-1,5.0
5937,42,-1,1.0
5938,56,0,3.0
5939,86,1,2.0
5940,59,0,4.0
5941,86,1,2.0
5942,59,1,2.0
5943,38,0,2.0
5944,31,-1,1.0
5945,45,-1,1.0
5946,48,-1,2.0
5947,33,-1,4.0
5948,38,0,3.0
5949,49,0,4.0
5950,48,0,2.0
5952,28,-1,4.0
5953,33,0,2.0
5954,20,-1,4.0
5955,27,-1,1.0
5956,39,0,4.0
5957,87,-1,1.0
5958,30,-1,4.0
5960,51,1,5.0
5961,46,1,5.0
5962,55,-1,1.0
5963,39,-1,4.0
5964,63,0,4.0
5965,84,1,2.0
5966,41,1,2.0
5968,27,-1,4.0
5969,35,-1,1.0
5970,47,-1,2.0
5971,51,-1,1.0
5972,32,-1,3.0
5973,31,-1,2.0
5974,38,-1,4.0
5975,20,-1,3.0
5976,31,-1,6.0
5977,55,-1,2.0
5979,83,-1,1.0
5980,41,-1,2.0
5981,38,0,2.0
5982,61,1,2.0
5983,48,-1,1.0
5984,40,0,2.0
5985,47,-1,1.0
5986,53,1,4.0
5988,72,-1,1.0
5989,50,0,4.0
5990,63,-1,1.0
5991,42,0,2.0
5992,40,0,3.0
5993,63,0,5.0
5994,25,-1,3.0
5995,49,1,4.0
5996,28,-1,6.0
5997,69,1,2.0
5998,31,-1,5.0
5999,36,0,5.0
6000,21,-1,4.0
6001,36,0,2.0
6002,41,-1,1.0
6003,31,-1,2.0
6004,51,1,4.0
6005,55,-1,3.0
6007,61,0,2.0
6008,31,-1,3.0
6009,55,1,4.0
6010,33,-1,5.0
6011,50,0,5.0
6012,71,-1,2.0
6014,73,1,2.0
6015,58,1,4.0
6016,65,1,2.0
6017,75,1,2.0
6018,62,-1,1.0
6019,38,-1,5.0
6020,27,-1,7.0
6021,19,-1,3.0
6023,50,1,2.0
6024,27,-1,1.0
6025,33,-1,3.0
6026,26,0,3.0
6028,45,-1,2.0
6029,25,-1,1.0
6030,37,-1,1.0
6031,37,0,3.0
6032,60,1,6.0
6033,76,1,2.0
6034,47,0,4.0
6035,42,-1,1.0
6036,66,-1,4.0
6038,40,0,3.0
6039,21,-1,6.0
6040,42,-1,1.0
6041,57,0,2.0
6042,23,-1,3.0
6043,52,0,4.0
6044,42,0,2.0
6045,28,-1,4.0
6046,43,0,3.0
6047,30,-1,2.0
6048,26,-1,6.0
6049,86,1,2.0
6050,52,0,2.0
6051,43,-1,1.0
6053,53,0,3.0
6054,33,-1,1.0
6055,25,-1,2.0
6056,55,-1,1.0
6057,47,0,4.0
6059,27,-1,4.0
6060,38,0,4.0
6061,69,0,9.0
6062,19,-1,5.0
6063,28,-1,2.0
6064,65,1,2.0
6066,22,-1,4.0
6067,25,0,3.0
6068,52,-1,2.0
6069,37,-1,2.0
6070,29,-1,2.0
6071,31,-1,3.0
6072,36,-1,1.0
6073,73,-1,1.0
6074,51,-1,2.0
6076,60,1,2.0
6078,22,-1,4.0
6079,28,0,2.0
6080,52,0,3.0
6081,28,-1,4.0
6082,37,0,2.0
6083,53,0,3.0
6084,23,-1,6.0
6085,75,1,2.0
6087,53,1,4.0
6088,30,0,2.0
6089,31,0,2.0
6090,27,-1,5.0
6091,65,-1,1.0
6093,52,0,2.0
6095,51,-1,6.0
6096,30,0,5.0
6097,42,-1,2.0
6098,19,-1,8.0
6099,50,1,4.0
6100,41,0,4.0
6101,36,-1,4.0
6102,43,0,2.0
6103,85,-1,1.0
6107,47,0,2.0
6108,60,-1,2.0
6110,37,-1,1.0
6111,31,-1,2.0
6116,37,-1,7.0
6117,35,0,4.0
6118,50,-1,1.0
6119,21,-1,4.0
6120,59,0,2.0
6121,20,-1,5.0
6122,49,-1,1.0
6123,62,1,4.0
6124,61,0,5.0
6126,41,0,3.0
6127,21,-1,3.0
6129,38,0,6.0
6132,48,-1,2.0
6134,30,-1,1.0
6136,19,-1,4.0
6138,43,1,4.0
6139,38,0,2.0
6140,32,-1,2.0
6141,38,-1,2.0
6142,43,-1,3.0
6143,76,-1,2.0
6144,30,-1,5.0
6145,31,-1,4.0
6146,23,-1,3.0
6147,70,1,3.0
6148,25,-1,1.0
6149,29,-1,2.0
6150,50,0,3.0
6151,71,0,2.0
6152,18,-1,5.0
6156,41,-1,1.0
6157,20,-1,3.0
6158,27,0,2.0
6159,27,1,2.0
6160,18,-1,4.0
6161,41,1,2.0
6162,67,0,2.0
6163,28,-1,2.0
6165,45,0,4.0
6166,36,1,4.0
6168,33,-1,3.0
6169,87,0,2.0
6170,52,-1,1.0
6171,32,-1,3.0
6172,42,-1,7.0
6173,22,-1,5.0
6174,18,-1,4.0
6175,26,-1,4.0
6176,66,0,2.0
6177,66,0,4.0
6178,69,-1,2.0
6180,55,-1,2.0
6181,49,-1,2.0
6182,61,-1,2.0
6183,47,-1,1.0
6184,59,1,5.0
6185,38,0,4.0
6186,55,0,2.0
6187,25,-1,1.0
6188,36,-1,4.0
6189,41,-1,1.0
6190,39,-1,3.0
6191,20,-1,3.0
6192,33,-1,5.0
6193,78,1,3.0
6194,87,-1,1.0
6195,19,-1,6.0
6197,60,1,4.0
6198,77,1,2.0
6199,43,-1,1.0
6200,51,0,3.0
6201,18,-1,5.0
6202,46,-1,2.0
6203,20,-1,5.0
6204,27,-1,5.0
6205,26,-1,2.0
6206,57,1,3.0
6207,53,0,2.0
6208,38,-1,2.0
6209,41,-1,3.0
6210,81,1,2.0
6211,38,-1,3.0
6212,30,-1,1.0
6213,37,-1,3.0
6214,28,0,2.0
6215,43,1,3.0
6216,21,-1,5.0
6217,33,0,3.0
6218,78,1,2.0
6220,23,-1,5.0
6221,27,-1,2.0
6222,45,0,3.0
6223,31,-1,1.0
6224,42,0,2.0
6225,37,-1,3.0
6226,33,-1,2.0
6227,32,-1,3.0
6228,21,-1,3.0
6229,32,-1,4.0
6230,36,0,2.0
6231,43,-1,2.0
6233,41,-1,2.0
6234,41,0,2.0
6235,55,-1,2.0
6236,61,0,4.0
6237,38,-1,2.0
6238,62,0,6.0
6239,33,-1,4.0
6240,53,0,2.0
6241,38,-1,3.0
6242,51,0,4.0
6245,45,0,4.0
6246,71,-1,1.0
6247,26,-1,6.0
6248,84,-1,1.0
6249,56,1,2.0
6250,27,-1,4.0
6251,36,-1,3.0
6252,70,-1,3.0
6254,40,0,2.0
6255,22,-1,4.0
6256,48,-1,1.0
6257,41,0,2.0
6258,77,-1,2.0
6259,72,-1,1.0
6260,21,-1,3.0
6261,29,-1,4.0
6263,29,-1,7.0
6264,18,-1,2.0
6265,38,0,2.0
6266,48,0,2.0
6267,48,0,2.0
6268,37,-1,1.0
6269,32,-1,5.0
6270,33,-1,5.0
6272,47,0,5.0
6273,63,0,3.0
6274,26,-1,2.0
6275,65,1,2.0
6276,22,0,4.0
6277,42,-1,1.0
6278,43,-1,1.0
6280,27,-1,4.0
6281,42,-1,1.0
6282,45,1,3.0
6283,33,-1,6.0
6284,58,1,4.0
6285,21,-1,3.0
6286,85,-1,1.0
6287,41,-1,3.0
6289,57,-1,1.0
6290,38,0,5.0
6291,50,0,5.0
6293,33,-1,4.0
6295,26,-1,6.0
6296,25,-1,2.0
6297,63,1,3.0
6300,26,-1,1.0
6301,30,-1,3.0
6302,36,-1,1.0
6303,22,-1,9.0
6305,27,-1,4.0
6306,42,1,5.0
6307,21,-1,2.0
6308,38,1,3.0
6309,63,0,4.0
6311,25,-1,3.0
6312,69,1,2.0
6313,53,-1,1.0
6314,36,-1,2.0
6315,27,-1,5.0
6317,19,-1,3.0
6319,51,-1,1.0
6320,43,-1,1.0
6321,42,-1,1.0
6323,37,-1,2.0
6324,66,1,2.0
6325,39,0,2.0
6326,21,-1,5.0
6327,21,-1,4.0
6328,28,1,2.0
6329,56,0,4.0
6331,26,-1,1.0
6332,18,-1,6.0
6333,23,-1,8.0
6334,45,0,5.0
6335,65,0,3.0
6336,87,-1,1.0
6337,56,0,4.0
6338,47,-1,2.0
6339,68,-1,1.0
6340,18,-1,3.0
6341,40,-1,1.0
6342,41,-1,1.0
6343,23,-1,4.0
6344,35,-1,1.0
6345,66,1,2.0
6346,22,-1,3.0
6347,23,-1,4.0
6348,18,-1,4.0
6349,60,-1,1.0
6350,40,-1,1.0
6352,28,-1,2.0
6353,42,-1,2.0
6354,46,-1,2.0
6355,23,-1,4.0
6356,43,-1,1.0
6357,20,-1,6.0
6359,27,-1,2.0
6360,82,-1,1.0
6361,21,-1,4.0
6363,60,0,2.0
6364,71,1,2.0
6365,39,-1,1.0
6367,35,-1,2.0
6368,19,-1,4.0
6369,53,-1,1.0
6370,23,-1,9.0
6373,50,-1,1.0
6374,35,1,4.0
6375,32,0,2.0
6376,33,1,3.0
6377,53,0,3.0
6378,47,0,4.0
6379,37,-1,1.0
6380,50,0,4.0
6381,23,-1,3.0
6382,30,-1,1.0
6383,28,-1,2.0
6384,39,-1,1.0
6385,81,1,2.0
6386,65,0,2.0
6389,30,-1,2.0
6390,40,-1,1.0
6391,28,-1,6.0
6392,28,-1,9.0
6393,60,-1,4.0
6394,48,-1,3.0
6395,70,-1,1.0
6396,39,0,2.0
6397,42,0,5.0
6398,38,0,2.0
6399,35,-1,1.0
6400,43,0,3.0
6401,83,-1,1.0
6402,43,-1,1.0
6403,46,0,4.0
6404,50,0,3.0
6405,38,-1,1.0
6406,69,1,2.0
6407,38,0,2.0
6408,26,-1,3.0
6409,37,-1,5.0
6410,72,1,2.0
6411,52,0,4.0
6412,85,1,2.0
6413,29,-1,3.0
6414,26,-1,4.0
6415,33,-1,6.0
6416,40,-1,1.0
6418,79,1,2.0
6420,35,-1,1.0
6421,68,-1,1.0
6424,36,0,5.0
6425,51,1,5.0
6427,25,-1,4.0
6430,35,0,2.0
6431,21,-1,4.0
6432,55,0,4.0
6434,35,1,3.0
6435,39,-1,1.0
6436,83,1,2.0
6437,45,0,2.0
6438,40,-1,2.0
6439,27,-1,5.0
6440,51,0,3.0
6441,35,0,3.0
6443,57,-1,2.0
6444,20,0,4.0
6445,49,-1,1.0
6446,52,-1,2.0
6447,35,0,3.0
6448,39,-1,3.0
6449,69,-1,2.0
6450,26,-1,2.0
6451,36,-1,4.0
6452,25,0,2.0
6453,60,-1,1.0
6454,37,-1,2.0
6455,42,-1,1.0
6456,22,-1,4.0
6457,41,0,4.0
6458,75,-1,1.0
6460,77,1,2.0
6462,43,1,4.0
6463,31,-1,4.0
6464,33,-1,2.0
6465,60,1,4.0
6466,61,-1,2.0
6467,29,-1,1.0
6468,25,-1,4.0
6469,83,1,2.0
6470,38,-1,1.0
6471,28,-1,4.0
6472,65,1,2.0
6473,61,0,4.0
6475,51,-1,2.0
6476,36,1,3.0
6477,55,0,2.0
6479,46,0,4.0
6480,43,0,2.0
6481,57,-1,3.0
6482,35,-1,1.0
6483,65,0,2.0
6484,37,-1,3.0
6485,35,0,2.0
6486,37,-1,2.0
6487,38,0,3.0
6488,19,-1,3.0
6491,36,-1,1.0
6492,61,0,2.0
6493,53,0,6.0
6494,45,-1,1.0
6496,42,-1,6.0
6498,83,1,2.0
6499,36,-1,1.0
6501,42,0,3.0
6502,80,1,2.0
6503,18,-1,5.0
6505,57,-1,2.0
6506,36,-1,2.0
6507,43,-1,1.0
6509,31,-1,3.0
6511,38,-1,1.0
6512,45,1,4.0
6513,72,1,2.0
6514,43,-1,2.0
6515,29,-1,2.0
6516,45,-1,2.0
6518,29,-1,1.0
6519,43,-1,3.0
6520,42,0,3.0
6521,47,0,6.0
6522,26,-1,3.0
6523,60,1,3.0
6524,41,-1,2.0
6526,27,-1,3.0
6528,46,-1,1.0
6530,25,-1,2.0
6532,22,-1,3.0
6533,56,0,3.0
6534,35,0,2.0
6536,50,0,2.0
6539,33,-1,6.0
6540,69,-1,2.0
6541,38,-1,2.0
6542,42,0,5.0
6543,61,0,6.0
6544,20,-1,6.0
6545,46,0,2.0
6546,40,-1,4.0
6547,51,1,2.0
6548,58,0,5.0
6549,33,-1,5.0
6550,26,-1,2.0
6551,58,1,3.0
6552,65,1,2.0
6553,41,0,2.0
6554,42,0,2.0
6555,25,-1,1.0
6556,30,-1,6.0
6559,79,-1,1.0
6560,51,1,3.0
6561,26,-1,4.0
6562,37,0,4.0
6563,25,-1,2.0
6564,41,-1,2.0
6565,83,1,3.0
6566,35,0,3.0
6567,21,-1,7.0
6568,28,-1,3.0
6569,45,0,2.0
6570,51,-1,4.0
6571,25,-1,3.0
6572,29,-1,3.0
6573,45,-1,2.0
6575,47,0,5.0
6577,40,-1,2.0
6578,65,-1,1.0
6579,40,-1,1.0
6580,42,0,2.0
6581,45,0,3.0
6582,58,-1,1.0
6583,30,-1,3.0
6584,35,1,2.0
6585,53,-1,1.0
6586,58,0,2.0
6587,88,1,2.0
6588,27,-1,3.0
6589,39,-1,1.0
6591,28,-1,4.0
6592,35,-1,3.0
6593,76,1,2.0
6594,33,-1,1.0
6595,59,-1,2.0
6596,45,-1,1.0
6598,33,-1,3.0
6599,86,1,2.0
6601,20,-1,4.0
6603,25,-1,8.0
6605,33,-1,3.0
6606,62,1,2.0
6607,55,0,4.0
6608,39,-1,1.0
6609,30,-1,6.0
6610,37,1,2.0
6611,40,-1,1.0
6612,38,-1,4.0
6613,52,-1,2.0
6614,48,0,5.0
6615,60,0,5.0
6616,36,-1,1.0
6617,59,0,2.0
6618,71,0,3.0
6620,37,0,2.0
6621,51,-1,1.0
6622,22,-1,3.0
6623,28,0,2.0
6624,22,-1,8.0
6625,48,1,2.0
6626,23,-1,4.0
6627,31,-1,8.0
6628,37,-1,5.0
6629,50,0,4.0
6631,50,-1,1.0
6632,43,-1,1.0
6633,20,-1,4.0
6634,28,-1,4.0
6635,33,-1,6.0
6636,49,-1,1.0
6638,40,-1,1.0
6639,21,-1,3.0
6640,36,-1,5.0
6641,49,0,3.0
6642,36,-1,2.0
6645,32,-1,1.0
6646,48,0,2.0
6649,69,-1,8.0
6651,67,-1,1.0
6652,32,-1,2.0
6655,36,0,2.0
6656,43,1,3.0
6657,36,0,5.0
6659,36,0,2.0
6660,23,-1,3.0
6661,50,0,2.0
6662,22,-1,4.0
6664,35,0,3.0
6665,52,0,2.0
6666,68,0,3.0
6667,46,-1,2.0
6669,49,-1,1.0
6670,37,0,2.0
6671,53,0,2.0
6672,70,-1,1.0
6673,43,-1,4.0
6674,83,1,2.0
6675,25,-1,2.0
6676,45,0,4.0
6677,29,-1,1.0
6679,65,-1,1.0
6680,46,1,4.0
6681,59,-1,1.0
6682,30,-1,2.0
6683,29,-1,2.0
6684,58,-1,1.0
6685,71,-1,5.0
6686,53,-1,5.0
6688,36,0,4.0
6689,33,-1,4.0
6690,32,-1,3.0
6692,49,-1,1.0
6693,84,1,2.0
6694,30,-1,4.0
6695,26,-1,4.0
6696,41,1,3.0
6697,25,-1,5.0
6698,26,1,3.0
6699,27,-1,5.0
6701,80,-1,1.0
6702,50,-1,3.0
6704,66,-1,2.0
6705,58,1,5.0
6706,42,-1,3.0
6707,37,-1,3.0
6708,49,-1,1.0
6709,39,-1,2.0
6711,69,-1,3.0
6712,50,1,5.0
6713,37,0,2.0
6714,61,-1,2.0
6715,52,1,4.0
6716,23,-1,4.0
6719,27,-1,7.0
6720,43,-1,2.0
6721,35,-1,1.0
6722,52,-1,1.0
6725,48,1,4.0
6727,26,-1,5.0
6728,49,-1,2.0
6729,37,-1,1.0
6730,30,-1,4.0
6731,43,-1,1.0
6732,42,-1,3.0
6733,60,0,2.0
6735,23,-1,7.0
6736,81,-1,1.0
6737,45,-1,1.0
6738,33,-1,2.0
6739,25,-1,2.0
6740,38,0,5.0
6741,25,1,2.0
6742,62,1,2.0
6743,45,-1,4.0
6744,63,-1,2.0
6745,39,1,2.0
6746,25,-1,1.0
6747,67,-1,1.0
6748,81,-1,1.0
6749,31,-1,4.0
6750,22,-1,4.0
6752,33,-1,2.0
6753,42,1,5.0
6755,25,1,8.0
6757,41,1,2.0
6758,40,-1,1.0
6759,50,0,2.0
6761,31,-1,4.0
6762,63,0,2.0
6763,57,1,4.0
6764,40,-1,1.0
6766,45,1,3.0
6768,25,-1,3.0
6769,22,-1,4.0
6770,38,-1,3.0
6771,37,0,2.0
6772,78,1,2.0
6773,37,0,2.0
6774,43,0,2.0
6775,23,-1,4.0
6776,43,-1,1.0
6777,43,0,2.0
6778,71,1,2.0
6779,38,-1,1.0
6782,48,1,4.0
6784,53,0,3.0
6785,41,-1,2.0
6786,28,-1,2.0
6787,22,-1,6.0
6789,43,0,2.0
6791,28,0,2.0
6792,48,0,6.0
6793,42,-1,2.0
6794,38,-1,4.0
6795,42,-1,3.0
6796,43,-1,2.0
6797,46,0,2.0
6798,43,-1,2.0
6799,28,-1,6.0
6800,48,0,4.0
6801,82,1,2.0
6802,49,-1,2.0
6803,41,0,2.0
6804,66,0,2.0
6805,22,-1,5.0
6806,31,-1,3.0
6807,49,1,5.0
6808,77,1,2.0
6809,41,-1,2.0
6810,78,-1,1.0
6811,41,-1,1.0
6812,39,0,2.0
6813,50,1,3.0
6814,35,0,2.0
6815,52,0,3.0
6817,50,0,4.0
6819,63,0,4.0
6820,47,-1,3.0
6822,38,-1,2.0
6823,32,-1,2.0
6824,31,-1,6.0
6825,36,1,3.0
6826,67,-1,1.0
6828,53,0,4.0
6829,51,-1,1.0
6830,56,-1,2.0
6832,72,1,4.0
6833,42,0,2.0
6834,26,0,2.0
6836,37,-1,2.0
6837,18,-1,4.0
6839,29,-1,7.0
6840,70,-1,1.0
6841,19,-1,5.0
6842,46,0,2.0
6843,53,1,4.0
6844,50,-1,1.0
6845,43,0,3.0
6846,23,-1,4.0
6847,61,0,2.0
6848,27,0,2.0
6850,83,-1,1.0
6851,32,-1,2.0
6852,58,0,5.0
6853,67,0,3.0
6854,19,-1,5.0
6855,88,1,2.0
6856,35,-1,2.0
6857,45,0,4.0
6858,35,0,4.0
6859,27,-1,2.0
6860,35,1,3.0
6861,20,-1,3.0
6862,41,0,3.0
6863,33,-1,6.0
6864,58,-1,1.0
6865,86,1,2.0
6866,61,0,5.0
6867,32,-1,3.0
6868,20,-1,3.0
6869,32,-1,4.0
6870,69,1,2.0
6871,35,-1,4.0
6872,72,-1,2.0
6873,37,-1,1.0
6876,33,-1,1.0
6877,40,0,4.0
6878,55,-1,2.0
6879,23,1,9.0
6880,51,1,1.0
6881,69,0,3.0
6882,73,1,2.0
6884,20,-1,3.0
6885,53,-1,1.0
6886,46,0,4.0
6887,53,-1,4.0
6888,53,0,5.0
6889,50,1,4.0
6890,66,0,3.0
6891,86,-1,2.0
6892,27,-1,1.0
6893,42,-1,1.0
6894,33,-1,9.0
6895,82,1,2.0
6896,26,-1,2.0
6897,38,0,4.0
6898,32,-1,7.0
6899,20,-1,5.0
6900,27,-1,3.0
6901,22,-1,4.0
6902,80,1,3.0
6904,77,-1,1.0
6905,22,-1,2.0
6906,32,-1,2.0
6908,49,0,2.0
6909,55,1,9.0
6910,28,-1,2.0
6912,42,-1,1.0
6914,20,-1,3.0
6915,43,1,6.0
6916,73,-1,1.0
6917,46,-1,3.0
6918,28,0,2.0
6919,35,0,2.0
6920,48,1,3.0
6921,32,-1,3.0
6922,66,0,2.0
6923,47,1,2.0
6924,28,-1,2.0
6925,35,0,2.0
6926,75,1,2.0
6927,48,1,3.0
6928,41,-1,4.0
6929,25,-1,3.0
6930,52,0,3.0
6931,58,0,2.0
6933,49,-1,3.0
6934,28,-1,5.0
6935,53,-1,1.0
6936,27,-1,4.0
6937,33,-1,4.0
6938,89,1,2.0
6939,40,-1,1.0
6941,27,-1,5.0
6942,37,-1,6.0
6943,56,1,3.0
6944,48,1,5.0
6945,32,-1,1.0
6946,39,0,3.0
6948,39,-1,1.0
6949,60,1,4.0
6950,33,-1,2.0
6951,50,0,4.0
6953,20,-1,4.0
6955,37,-1,1.0
6956,25,-1,2.0
6957,37,-1,6.0
6958,68,-1,1.0
6959,20,-1,3.0
6961,30,0,6.0
6962,83,1,2.0
6963,52,-1,1.0
6964,19,-1,1.0
6965,36,-1,2.0
6966,31,-1,4.0
6967,51,0,2.0
6968,53,0,2.0
6969,31,-1,1.0
6970,57,-1,4.0
6971,36,0,5.0
6973,41,-1,2.0
6974,69,-1,1.0
6975,37,0,2.0
6977,49,-1,1.0
6978,59,0,3.0
6979,37,1,2.0
6980,68,1,4.0
6982,42,-1,2.0
6984,46,0,4.0
6985,49,-1,3.0
6986,33,-1,5.0
6987,33,-1,3.0
6989,32,-1,3.0
6990,87,1,2.0
6991,52,0,4.0
6992,27,-1,8.0
6993,63,-1,2.0
6994,89,1,2.0
6996,31,0,2.0
6997,41,-1,1.0
6999,50,1,7.0
7000,70,0,2.0
7001,55,0,3.0
7002,36,0,5.0
7003,66,-1,1.0
7005,49,0,5.0
7006,65,0,4.0
7007,23,-1,4.0
7008,45,1,4.0
7009,33,-1,5.0
7010,48,1,3.0
7011,28,-1,4.0
7012,27,-1,8.0
7013,45,-1,3.0
7014,49,0,3.0
7016,56,0,2.0
7018,29,0,2.0
7020,57,0,4.0
7021,65,-1,1.0
7022,61,0,5.0
7023,32,-1,4.0
7024,35,-1,1.0
7025,82,1,2.0
7026,37,-1,4.0
7028,32,-1,3.0
7029,81,1,2.0
7030,49,-1,1.0
7031,46,-1,3.0
7034,27,-1,3.0
7035,66,0,4.0
7036,31,0,3.0
7037,53,0,2.0
7038,29,-1,5.0
7040,60,0,5.0
7041,43,-1,6.0
7042,73,-1,1.0
7044,47,0,3.0
7045,20,-1,3.0
7046,38,-1,2.0
7047,56,1,9.0
7048,51,0,5.0
7049,27,0,2.0
7050,30,-1,2.0
7051,49,0,4.0
7052,30,-1,6.0
7053,26,0,2.0
7055,42,0,4.0
7057,49,1,5.0
7058,59,1,4.0
7060,49,0,5.0
7062,32,0,2.0
7063,41,-1,1.0
7064,71,1,4.0
7065,62,0,3.0
7067,41,-1,1.0
7068,41,-1,2.0
7070,53,0,3.0
7071,46,-1,4.0
7072,50,1,3.0
7073,40,-1,1.0
7074,49,-1,1.0
7075,30,-1,3.0
7076,36,0,4.0
7077,66,1,3.0
7081,27,-1,4.0
7084,42,-1,3.0
7085,28,-1,1.0
7087,48,-1,2.0
7088,36,0,2.0
7090,40,-1,2.0
7091,57,1,2.0
7093,42,-1,7.0
7095,21,-1,7.0
7097,27,-1,4.0
7099,46,1,5.0
7100,27,-1,6.0
7101,25,-1,5.0
7102,87,1,2.0
7103,27,-1,3.0
7104,48,-1,1.0
7105,51,0,4.0
7107,48,0,2.0
7108,52,1,2.0
7109,68,1,2.0
7110,35,0,3.0
7111,39,-1,1.0
7112,53,1,2.0
7113,41,0,2.0
7114,41,1,2.0
7115,25,-1,1.0
7116,23,1,2.0
7118,35,1,2.0
7119,51,-1,3.0
7120,38,-1,1.0
7121,62,-1,1.0
7123,60,1,6.0
7124,47,1,4.0
7125,22,-1,4.0
7126,31,-1,3.0
7127,38,-1,2.0
7128,42,0,5.0
7129,50,0,3.0
7130,38,0,3.0
7131,55,0,3.0
7132,71,0,2.0
7133,38,0,4.0
7134,77,-1,1.0
7135,33,-1,3.0
7136,72,1,2.0
7137,43,0,4.0
7138,35,-1,3.0
7139,33,-1,3.0
7140,27,0,2.0
7141,21,-1,6.0
7142,41,0,2.0
7145,29,-1,3.0
7146,46,-1,1.0
7147,46,-1,1.0
7148,53,-1,1.0
7149,36,1,4.0
7150,36,0,2.0
7152,25,1,2.0
7154,61,-1,3.0
7155,61,0,2.0
7156,53,0,2.0
7157,69,1,4.0
7158,47,-1,1.0
7159,26,-1,7.0
7160,39,-1,1.0
7161,47,-1,4.0
7162,69,-1,1.0
7163,46,0,2.0
7165,37,-1,3.0
7166,50,-1,1.0
7167,52,0,4.0
7168,28,-1,4.0
7169,42,-1,2.0
7172,45,1,5.0
7173,57,1,2.0
7174,48,-1,3.0
7175,18,-1,3.0
7177,51,0,2.0
7178,29,-1,5.0
7180,47,0,4.0
7182,38,0,4.0
7183,37,-1,1.0
7184,22,-1,4.0
7185,61,0,2.0
7186,42,0,2.0
7187,60,0,2.0
7188,73,1,4.0
7191,49,-1,1.0
7192,72,1,2.0
7193,43,0,2.0
7196,38,-1,2.0
7197,35,0,3.0
7198,82,1,2.0
7199,63,-1,1.0
7200,73,1,2.0
7201,38,-1,1.0
7203,42,-1,1.0
7204,43,0,2.0
7205,31,-1,1.0
7207,42,-1,3.0
7208,32,0,2.0
7209,39,0,4.0
7210,48,0,4.0
7211,39,0,2.0
7212,55,0,2.0
7213,60,1,2.0
7214,51,-1,1.0
7215,61,0,3.0
7216,43,-1,1.0
7218,55,0,3.0
7219,43,0,5.0
7220,45,0,3.0
7221,50,0,5.0
7222,40,0,2.0
7223,19,-1,3.0
7224,25,-1,1.0
7225,89,-1,1.0
7227,49,0,3.0
7228,46,0,5.0
7229,83,-1,2.0
7230,35,0,4.0
7231,71,-1,2.0
7232,50,0,3.0
7233,58,1,2.0
7235,35,0,4.0
7236,67,1,2.0
7237,35,0,5.0
7238,61,1,3.0
7239,29,-1,2.0
7242,47,0,5.0
7243,37,-1,2.0
7244,18,-1,3.0
7245,23,-1,2.0
7246,29,-1,3.0
7248,43,-1,4.0
7249,66,-1,5.0
7250,45,1,3.0
7251,67,-1,1.0
7252,49,-1,2.0
7253,38,1,4.0
7254,38,-1,2.0
7255,32,-1,1.0
7256,48,0,2.0
7257,42,-1,1.0
7258,50,-1,3.0
7260,50,0,3.0
7261,30,1,6.0
7263,27,-1,2.0
7264,43,0,4.0
7265,25,-1,2.0
7267,27,-1,3.0
7268,43,-1,1.0
7269,37,0,4.0
7270,27,-1,9.0
7271,61,-1,2.0
7272,41,0,2.0
7273,50,-1,1.0
7274,60,0,2.0
7275,20,-1,4.0
7276,66,1,2.0
7277,36,-1,1.0
7278,65,1,2.0
7281,20,-1,4.0
7282,38,-1,1.0
7283,31,-1,2.0
7285,81,1,2.0
7286,52,-1,1.0
7287,57,-1,1.0
7288,30,0,3.0
7289,55,-1,3.0
7290,38,-1,1.0
7291,70,1,2.0
7292,59,-1,1.0
7293,39,-1,3.0
7294,58,0,3.0
7295,30,-1,2.0
7296,73,0,2.0
7299,38,-1,2.0
7301,25,-1,5.0
7303,53,1,3.0
7304,27,-1,4.0
7305,49,0,2.0
7306,51,0,5.0
7307,33,-1,7.0
7310,61,0,2.0
7311,47,-1,1.0
7312,36,-1,1.0
7314,32,0,2.0
7315,40,0,5.0
7316,77,1,2.0
7318,72,1,4.0
7319,84,-1,1.0
7321,32,-1,2.0
7322,52,0,3.0
7325,47,1,4.0
7326,63,0,4.0
7327,35,0,5.0
7328,27,-1,1.0
7329,49,-1,1.0
7330,31,-1,1.0
7332,61,1,2.0
7333,30,-1,5.0
7334,23,-1,3.0
7335,42,-1,2.0
7337,48,1,5.0
7339,39,0,2.0
7340,43,1,3.0
7341,56,-1,2.0
7344,28,-1,5.0
7345,71,1,2.0
7346,42,0,3.0
7347,50,0,9.0
7348,62,-1,3.0
7349,43,0,3.0
7350,32,-1,4.0
7351,61,-1,1.0
7352,39,-1,2.0
7353,46,0,2.0
7354,50,0,3.0
7355,39,-1,4.0
7356,35,-1,1.0
7358,35,-1,2.0
7359,33,-1,1.0
7360,21,-1,3.0
7361,46,-1,1.0
7362,37,-1,1.0
7365,33,-1,2.0
7366,25,-1,3.0
7368,53,1,4.0
7369,41,-1,1.0
7370,46,0,5.0
7374,36,-1,3.0
7375,57,0,3.0
7376,49,0,4.0
7380,48,0,3.0
7381,59,0,5.0
7382,40,0,3.0
7383,58,-1,3.0
7384,43,-1,2.0
7385,39,-1,1.0
7386,29,1,2.0
7387,37,-1,1.0
7388,49,0,4.0
7389,26,-1,2.0
7390,63,1,2.0
7391,26,-1,5.0
7392,21,-1,5.0
7393,56,0,3.0
7394,27,0,3.0
7396,39,-1,2.0
7398,84,-1,1.0
7399,41,-1,1.0
7402,59,-1,1.0
7403,25,-1,3.0
7404,40,0,4.0
7405,42,-1,1.0
7406,73,1,2.0
7407,30,-1,5.0
7408,29,-1,4.0
7410,27,1,2.0
7411,35,1,3.0
7412,23,-1,3.0
7413,48,-1,1.0
7415,45,0,2.0
7416,23,-1,3.0
7417,42,-1,8.0
7418,69,1,4.0
7419,33,-1,6.0
7420,28,-1,4.0
7421,19,-1,4.0
7422,21,-1,2.0
7423,42,0,2.0
7426,38,-1,1.0
7427,31,-1,1.0
7428,45,0,5.0
7429,83,-1,1.0
7431,69,0,4.0
7432,36,-1,1.0
7433,70,1,2.0
7435,21,-1,6.0
7436,19,-1,4.0
7437,39,0,3.0
7438,28,-1,2.0
7439,40,0,4.0
7442,42,0,2.0
7444,48,-1,1.0
7445,29,-1,2.0
7446,71,-1,3.0
7447,82,1,2.0
7448,50,-1,2.0
7449,40,-1,2.0
7450,18,-1,4.0
7451,42,0,4.0
7452,39,0,2.0
7455,60,0,3.0
7457,60,0,3.0
7458,40,-1,1.0
7459,40,0,2.0
7460,65,-1,1.0
7461,38,-1,2.0
7462,37,-1,1.0
7463,53,-1,1.0
7465,62,-1,2.0
7466,47,0,2.0
7469,62,0,3.0
7470,69,-1,2.0
7471,19,-1,2.0
7472,18,-1,4.0
7475,36,0,2.0
7476,35,-1,3.0
7479,47,1,4.0
7480,23,-1,4.0
7481,42,0,4.0
7482,47,0,4.0
7483,40,-1,3.0
7484,59,1,3.0
7485,38,-1,2.0
7486,73,1,2.0
7487,45,-1,1.0
7488,71,0,4.0
7489,60,-1,2.0
7490,27,-1,2.0
7491,57,-1,2.0
7494,42,0,2.0
7495,49,1,4.0
7496,40,-1,2.0
7497,40,-1,9.0
7498,19,-1,3.0
7499,42,0,2.0
7500,50,-1,1.0
7501,72,0,2.0
7502,67,1,3.0
7503,37,-1,1.0
7506,26,-1,4.0
7507,32,1,5.0
7508,51,-1,1.0
7509,61,0,3.0
7510,38,0,3.0
7511,73,-1,1.0
7513,62,0,2.0
7514,40,-1,4.0
7515,42,-1,3.0
7516,30,-1,1.0
7517,46,-1,1.0
7519,38,0,4.0
7520,40,0,5.0
7521,50,0,3.0
7522,28,-1,2.0
7524,37,-1,2.0
7525,51,0,4.0
7526,41,0,4.0
7527,65,0,4.0
7528,48,0,2.0
7531,47,0,2.0
7532,28,-1,2.0
7533,38,-1,1.0
7534,36,-1,2.0
7537,65,0,4.0
7538,27,-1,1.0
7545,50,-1,3.0
7546,26,-1,5.0
7547,46,0,4.0
7549,40,0,5.0
7550,33,-1,5.0
7551,56,-1,2.0
7552,25,-1,1.0
7553,61,1,2.0
7554,42,0,4.0
7555,49,-1,4.0
7556,48,0,3.0
7557,36,-1,3.0
7558,47,-1,1.0
7559,70,1,3.0
7560,21,-1,4.0
7561,51,-1,1.0
7562,46,-1,2.0
7564,26,-1,3.0
7565,37,1,2.0
7566,47,0,3.0
7567,38,-1,2.0
7568,36,-1,1.0
7569,29,0,2.0
7570,41,1,4.0
7571,20,-1,3.0
7572,36,-1,1.0
7573,23,-1,6.0
7574,53,0,3.0
7576,28,-1,3.0
7578,36,1,2.0
7579,28,-1,9.0
7580,45,0,3.0
7583,78,-1,1.0
7584,60,0,5.0
7586,22,-1,4.0
7587,50,0,2.0
7589,51,-1,3.0
7591,27,-1,7.0
7592,45,1,2.0
7593,32,-1,2.0
7594,22,-1,3.0
7595,42,-1,1.0
7596,30,-1,4.0
7597,30,-1,1.0
7598,60,1,2.0
7599,33,-1,3.0
7600,27,-1,1.0
7601,36,-1,1.0
7603,29,-1,5.0
7604,18,-1,5.0
7605,42,0,3.0
7608,83,-1,1.0
7609,41,0,4.0
7610,40,-1,1.0
7611,21,-1,3.0
7612,66,0,3.0
7613,43,0,2.0
7614,18,-1,2.0
7617,50,-1,2.0
7618,47,-1,2.0
7619,29,-1,6.0
7620,62,0,5.0
7621,21,-1,4.0
7622,36,-1,2.0
7623,38,1,3.0
7625,38,1,6.0
7626,35,1,1.0
7627,30,-1,3.0
7628,30,-1,4.0
7629,28,-1,3.0
7630,53,-1,1.0
7631,48,0,2.0
7632,31,-1,6.0
7634,26,-1,1.0
7635,57,1,3.0
7636,37,-1,2.0
7637,52,-1,3.0
7638,86,1,2.0
7640,25,-1,2.0
7641,51,-1,1.0
7642,32,-1,2.0
7644,41,0,4.0
7645,23,-1,2.0
7646,52,-1,3.0
7647,49,-1,2.0
7648,30,0,4.0
7649,46,0,4.0
7650,25,0,2.0
7651,36,0,3.0
7652,47,-1,1.0
7653,57,-1,1.0
7654,61,-1,2.0
7657,39,0,2.0
7658,37,-1,4.0
7659,55,-1,2.0
7660,22,-1,2.0
7661,46,-1,2.0
7662,32,-1,4.0
7663,36,-1,1.0
7664,23,-1,3.0
7665,18,-1,3.0
7667,71,1,4.0
7668,47,0,4.0
7669,45,-1,4.0
7670,42,0,4.0
7671,32,0,3.0
7672,25,-1,1.0
7675,47,0,3.0
7676,41,0,2.0
7677,19,-1,3.0
7679,29,-1,3.0
7680,38,0,2.0
7681,31,-1,3.0
7682,87,1,2.0
7683,41,-1,2.0
7684,63,0,3.0
7686,23,-1,4.0
7687,36,0,2.0
7688,45,-1,2.0
7689,26,-1,2.0
7690,41,-1,1.0
7691,23,-1,5.0
7692,51,0,5.0
7693,81,1,2.0
7694,61,0,4.0
7695,77,1,2.0
7696,50,-1,2.0
7697,29,-1,5.0
7698,43,0,4.0
7699,69,-1,1.0
7700,21,-1,4.0
7701,30,-1,3.0
7703,49,0,4.0
7704,81,1,2.0
7705,29,-1,5.0
7706,50,-1,1.0
7707,57,0,2.0
7708,45,0,3.0
7709,66,0,2.0
7710,53,-1,2.0
7711,21,-1,6.0
7712,62,-1,2.0
7714,82,1,2.0
7718,35,0,2.0
7719,50,-1,3.0
7720,35,-1,2.0
7721,55,0,2.0
7722,61,0,2.0
7723,26,-1,2.0
7724,61,1,3.0
7726,25,-1,1.0
7727,45,1,3.0
7728,35,-1,2.0
7729,62,1,3.0
7730,53,0,3.0
7731,49,-1,2.0
7732,43,-1,4.0
7733,19,-1,6.0
7735,27,-1,3.0
7736,18,-1,3.0
7737,43,-1,2.0
7738,36,-1,1.0
7739,53,-1,3.0
7740,26,-1,7.0
7741,59,-1,1.0
7742,36,0,2.0
7744,63,1,1.0
7745,33,-1,9.0
7746,42,1,4.0
7747,31,-1,3.0
7748,22,-1,3.0
7749,51,-1,2.0
7750,42,-1,1.0
7751,28,1,4.0
7752,53,1,3.0
7753,62,1,4.0
7754,27,-1,1.0
7755,53,0,3.0
7757,28,1,4.0
7758,31,-1,5.0
7760,31,-1,3.0
7762,52,1,4.0
7764,42,1,3.0
7766,33,-1,2.0
7767,19,-1,2.0
7768,40,0,2.0
7769,67,0,3.0
7770,22,-1,4.0
7771,45,-1,2.0
7772,60,1,2.0
7773,41,0,3.0
7774,29,-1,5.0
7777,28,-1,5.0
7779,42,-1,1.0
7780,36,-1,1.0
7781,28,-1,3.0
7782,23,-1,3.0
7783,81,-1,1.0
7784,82,1,2.0
7785,70,-1,1.0
7786,82,-1,1.0
7787,38,0,2.0
7788,43,-1,1.0
7789,42,-1,2.0
7791,38,0,3.0
7792,38,-1,3.0
7793,36,-1,3.0
7794,53,-1,1.0
7796,58,1,2.0
7797,52,1,4.0
7798,36,-1,1.0
7799,19,-1,8.0
7800,67,1,2.0
7802,28,-1,1.0
7803,65,0,3.0
7804,60,1,2.0
7805,74,-1,1.0
7806,52,0,4.0
7807,63,1,3.0
7808,18,-1,3.0
7809,25,-1,3.0
7810,41,0,3.0
7811,20,-1,4.0
7812,68,-1,1.0
7813,69,-1,1.0
7814,31,-1,5.0
7815,43,-1,6.0
7816,62,1,3.0
7817,42,0,2.0
7818,25,-1,3.0
7819,23,-1,5.0
7820,21,-1,5.0
7821,40,-1,1.0
7822,27,-1,1.0
7824,26,-1,1.0
7825,32,-1,2.0
7826,39,-1,3.0
7827,49,-1,1.0
7828,59,0,4.0
7831,62,0,3.0
7832,36,-1,2.0
7833,70,0,2.0
7834,58,-1,1.0
7835,39,-1,2.0
7836,29,-1,2.0
7837,58,-1,2.0
7838,43,0,2.0
7839,66,1,2.0
7840,40,0,2.0
7841,35,-1,2.0
7842,33,-1,4.0
7843,55,0,2.0
7844,28,1,2.0
7845,19,-1,2.0
7846,28,-1,4.0
7847,40,0,2.0
7848,73,1,2.0
7849,66,-1,4.0
7852,60,0,2.0
7853,19,-1,4.0
7854,51,0,3.0
7855,28,1,3.0
7856,85,-1,1.0
7857,52,0,5.0
7858,55,-1,1.0
7859,30,-1,5.0
7860,60,0,2.0
7861,41,1,5.0
7862,35,0,2.0
7863,23,-1,4.0
7864,88,1,2.0
7866,88,1,2.0
7867,41,1,2.0
7868,30,0,4.0
7869,46,-1,4.0
7871,74,1,2.0
7873,29,-1,4.0
7874,35,-1,1.0
7875,35,0,2.0
7876,38,-1,4.0
7877,48,0,7.0
7878,63,1,3.0
7879,40,-1,1.0
7880,76,1,2.0
7881,50,-1,2.0
7882,87,-1,2.0
7883,62,-1,5.0
7885,53,-1,2.0
7886,46,0,4.0
7887,52,-1,4.0
7888,32,-1,1.0
7889,53,0,2.0
7890,20,-1,5.0
7891,51,-1,3.0
7892,56,0,2.0
7893,26,-1,6.0
7894,31,0,3.0
7895,28,-1,3.0
7897,41,0,9.0
7898,82,1,2.0
7900,31,-1,9.0
7901,18,-1,6.0
7902,33,-1,4.0
7903,38,-1,2.0
7904,27,-1,5.0
7905,43,0,4.0
7907,36,-1,3.0
7908,79,-1,1.0
7909,50,-1,2.0
7910,48,-1,1.0
7911,42,0,3.0
7912,67,1,4.0
7914,27,-1,4.0
7915,30,-1,4.0
7916,47,0,3.0
7917,46,0,2.0
7918,55,0,2.0
7919,32,-1,5.0
7920,89,1,2.0
7921,65,-1,4.0
7922,30,1,2.0
7923,79,1,2.0
7924,36,-1,1.0
7927,27,-1,5.0
7928,53,1,4.0
7929,27,-1,5.0
7930,33,1,2.0
7931,77,1,2.0
7932,31,-1,3.0
7934,23,-1,4.0
7936,25,-1,4.0
7938,46,-1,2.0
7939,38,1,6.0
7940,25,-1,2.0
7941,22,-1,5.0
7942,37,1,2.0
7944,68,1,2.0
7945,37,-1,1.0
7946,35,0,2.0
7947,60,-1,1.0
7948,47,0,3.0
7949,43,-1,5.0
7950,56,0,2.0
7951,28,0,2.0
7952,32,-1,4.0
7953,61,-1,3.0
7954,31,-1,7.0
7955,19,-1,5.0
7956,50,-1,4.0
7957,66,1,2.0
7958,56,-1,2.0
7959,53,0,2.0
7960,47,0,4.0
7961,36,-1,2.0
7962,33,-1,5.0
7963,51,0,3.0
7964,33,-1,3.0
7965,53,1,3.0
7966,30,-1,3.0
7967,31,-1,2.0
7968,41,0,5.0
7969,18,-1,4.0
7970,67,-1,1.0
7971,57,0,6.0
7972,35,-1,2.0
7973,22,-1,4.0
7974,27,-1,1.0
7975,35,1,2.0
7976,56,0,4.0
7977,27,-1,3.0
7979,20,-1,5.0
7980,19,-1,6.0
7981,38,-1,2.0
7982,33,0,2.0
7983,39,0,2.0
7984,61,0,5.0
7985,30,-1,1.0
7986,49,-1,2.0
7988,19,-1,4.0
7989,49,0,4.0
7990,43,-1,1.0
7993,26,-1,8.0
7994,65,-1,1.0
7996,20,-1,6.0
7998,82,-1,3.0
7999,29,-1,2.0
8000,19,-1,3.0
8001,21,-1,5.0
8002,39,-1,1.0
8003,29,-1,4.0
8004,30,-1,3.0
8005,30,1,4.0
8006,62,0,2.0
8007,30,-1,1.0
8010,84,1,2.0
8012,25,-1,2.0
8013,52,-1,3.0
8014,70,1,2.0
8015,37,-1,2.0
8016,42,-1,1.0
8018,87,-1,1.0
8019,31,0,2.0
8021,38,-1,2.0
8022,56,1,2.0
8023,56,0,5.0
8025,20,-1,2.0
8026,23,-1,4.0
8027,62,0,2.0
8028,40,1,1.0
8031,43,0,2.0
8032,29,-1,6.0
8033,38,-1,2.0
8034,81,1,3.0
8035,35,-1,1.0
8036,31,-1,5.0
8037,28,-1,5.0
8038,66,-1,1.0
8039,69,0,4.0
8041,18,-1,4.0
8042,40,0,2.0
8043,39,0,2.0
8045,52,0,2.0
8046,59,0,2.0
8048,32,-1,4.0
8050,52,0,6.0
8051,39,0,4.0
8052,37,-1,2.0
8053,23,-1,3.0
8054,49,0,3.0
8055,18,-1,2.0
8056,63,0,3.0
8057,85,-1,1.0
8058,31,-1,3.0
8059,39,-1,2.0
8060,48,0,6.0
8061,65,0,2.0
8062,41,1,5.0
8064,35,-1,4.0
8065,33,-1,1.0
8066,27,-1,4.0
8067,37,0,3.0
